user_id,cluster_id
8,8
17,8
53,8
99,3
114,0
242,8
243,24
244,6
254,27
272,8
300,8
383,3
384,8
387,8
388,10
408,8
424,0
444,8
446,8
476,8
486,15
487,3
503,10
505,2
507,7
566,8
567,8
595,0
619,8
625,8
626,8
638,20
643,3
651,3
709,3
712,8
714,8
728,8
735,3
741,8
746,8
776,8
805,14
819,3
834,8
843,8
850,8
853,8
876,8
882,20
899,8
900,15
901,8
914,8
929,10
989,8
1025,15
1063,8
1075,7
1083,3
1113,8
1116,8
1129,3
1131,15
1133,8
1155,8
1161,8
1167,0
1178,8
1184,8
1192,8
1211,20
1248,3
1254,3
1297,3
1343,8
1372,8
1409,3
1412,25
1424,19
1435,0
1436,3
1467,8
1485,8
1548,14
1558,8
1585,0
1596,3
1608,3
1652,20
1660,3
1674,10
1688,8
1706,6
1725,8
1733,27
1745,8
1790,3
1805,9
1812,8
1838,8
1848,25
1903,3
1928,21
2010,3
2012,10
2030,0
2033,27
2041,3
2046,8
2090,8
2103,3
2110,27
2132,8
2134,8
2136,8
2139,3
2179,20
2189,8
2197,8
2276,18
2281,8
2287,3
2288,3
2313,10
2326,8
2333,9
2337,7
2349,8
2358,8
2363,8
2375,0
2399,2
2411,8
2437,3
2439,6
2462,8
2559,15
2589,8
2630,8
2719,8
2731,8
2738,8
2760,8
2766,21
2790,8
2793,3
2799,6
2853,8
2855,8
2891,7
2907,13
2954,8
2977,14
2996,25
3017,8
3066,8
3088,8
3100,24
3106,8
3142,8
3145,18
3154,3
3167,2
3192,3
3266,8
3282,3
3326,8
3329,10
3331,3
3346,21
3350,19
3355,8
3363,0
3368,8
3371,19
3373,0
3374,3
3416,8
3418,27
3427,3
3437,8
3462,8
3471,8
3481,10
3508,8
3537,8
3538,8
3542,25
3556,20
3569,3
3578,10
3594,3
3640,0
3643,8
3669,0
3675,8
3693,8
3719,3
3728,8
3743,8
3757,8
3761,8
3775,3
3814,8
3817,0
3827,2
3840,3
3856,8
3881,8
3915,8
3917,10
3923,6
3954,8
3965,3
3977,3
4017,16
4049,8
4066,3
4090,24
4091,3
4092,0
4098,20
4114,8
4131,8
4138,8
4144,10
4149,3
4157,14
4164,8
4179,3
4197,3
4221,0
4223,3
4228,10
4285,8
4334,3
4365,6
4370,8
4385,0
4401,8
4420,8
4483,8
4547,8
4570,0
4571,23
4600,8
4622,10
4769,8
4781,8
4785,6
4795,21
4802,21
4809,27
4816,8
4838,8
4845,8
4864,8
4895,8
4896,15
4938,2
5037,18
5048,0
5091,8
5127,8
5158,8
5163,10
5204,8
5207,27
5208,8
5209,8
5225,8
5268,3
5285,8
5286,8
5287,3
5331,8
5350,8
5375,8
5385,0
5414,8
5416,8
5429,8
5439,15
5448,3
5452,8
5476,20
5483,8
5490,14
5499,3
5506,8
5539,7
5543,8
5555,8
5582,22
5585,3
5600,8
5609,2
5638,10
5639,8
5665,3
5669,8
5674,8
5694,8
5709,8
5722,20
5728,3
5730,8
5737,0
5741,3
5746,3
5769,8
5777,8
5790,8
5815,3
5834,8
5850,10
5899,6
5903,0
5920,8
5923,8
5932,8
5942,8
5956,8
5963,8
5975,8
5988,3
5998,3
6007,8
6011,8
6051,8
6073,18
6092,8
6102,8
6115,23
6120,8
6229,8
6238,25
6242,16
6249,8
6251,12
6280,8
6318,8
6323,18
6330,8
6333,3
6338,8
6345,3
6347,1
6366,8
6368,3
6398,8
6401,8
6431,27
6432,8
6450,8
6460,8
6492,8
6497,8
6501,15
6505,8
6509,8
6516,8
6532,10
6537,0
6543,7
6563,12
6564,8
6566,23
6575,16
6577,10
6582,8
6592,8
6604,8
6611,17
6642,8
6662,3
6671,3
6679,9
6689,8
6700,8
6731,8
6741,8
6769,3
6772,1
6781,3
6789,3
6840,3
6865,8
6866,3
6871,8
6884,6
6894,8
6900,3
6906,3
6958,3
6990,8
7033,15
7053,8
7056,3
7072,8
7079,8
7082,22
7105,7
7107,15
7125,23
7128,8
7134,9
7158,1
7181,8
7210,10
7245,8
7283,20
7286,6
7312,3
7318,3
7319,3
7326,8
7341,3
7346,26
7348,8
7352,18
7355,8
7371,3
7384,8
7394,8
7418,8
7426,8
7454,8
7482,27
7509,10
7528,8
7547,8
7565,8
7569,3
7620,9
7630,3
7637,8
7651,6
7809,27
7841,6
7860,0
7864,25
7886,8
7887,10
7890,3
7898,8
7908,8
7913,3
7915,22
7930,8
7954,8
7958,19
7962,8
7970,8
7980,8
8018,3
8019,0
8027,8
8034,8
8040,3
8065,8
8066,7
8067,22
8094,8
8095,3
8141,18
8167,3
8187,22
8188,14
8201,8
8234,24
8245,16
8250,3
8253,21
8255,25
8284,3
8290,10
8313,8
8314,8
8323,3
8344,8
8362,0
8419,8
8454,7
8487,3
8529,0
8568,8
8570,6
8584,8
8660,8
8672,3
8676,8
8680,3
8681,7
8687,8
8695,10
8734,20
8737,8
8739,8
8782,25
8801,21
8815,8
8839,3
8844,8
8864,23
8870,20
8872,18
8890,8
8935,10
8936,26
8937,10
8955,3
8961,0
8971,8
9029,8
9080,8
9094,8
9138,3
9139,3
9141,8
9143,8
9177,18
9183,8
9188,8
9224,8
9226,10
9227,10
9289,8
9295,8
9313,8
9341,8
9354,1
9357,3
9373,8
9381,3
9408,8
9414,3
9417,25
9440,8
9454,0
9504,3
9525,8
9568,3
9571,8
9574,3
9613,6
9660,3
9717,3
9718,3
9747,27
9806,8
9850,8
9856,25
9867,8
9893,8
9908,5
9974,8
10001,8
10030,3
10067,8
10118,12
10199,21
10205,8
10241,8
10314,16
10315,8
10334,8
10338,8
10351,8
10354,3
10433,8
10447,15
10502,8
10532,8
10546,8
10560,5
10570,8
10571,8
10590,8
10607,25
10619,24
10660,8
10668,3
10681,8
10697,27
10699,3
10716,8
10750,8
10813,8
10819,3
10829,8
10836,8
10863,8
10917,8
10924,8
10946,3
10949,18
10951,3
10959,15
10965,8
10985,3
11036,8
11037,8
11038,8
11070,8
11104,8
11120,3
11124,8
11179,8
11192,8
11198,8
11201,8
11206,8
11224,20
11231,8
11245,18
11260,8
11279,8
11285,8
11325,10
11362,25
11393,8
11399,8
11400,9
11435,8
11451,8
11456,8
11464,8
11517,25
11521,8
11529,10
11532,3
11590,8
11601,14
11621,3
11629,3
11638,10
11639,8
11657,19
11676,16
11687,0
11690,8
11708,9
11709,3
11718,13
11724,15
11766,8
11788,0
11797,8
11817,8
11832,3
11844,10
11855,3
11881,8
11916,5
11924,8
11944,0
11993,18
12035,8
12081,8
12091,8
12100,10
12111,8
12112,0
12122,8
12123,10
12137,10
12143,8
12154,25
12158,8
12189,8
12194,2
12209,12
12220,3
12231,8
12238,8
12246,8
12272,0
12278,8
12282,8
12316,0
12331,10
12343,8
12348,3
12362,3
12390,8
12392,8
12488,8
12512,8
12515,3
12537,8
12538,16
12569,19
12576,8
12614,8
12619,18
12657,8
12663,8
12671,8
12680,8
12685,10
12692,8
12698,18
12702,10
12707,25
12734,8
12754,8
12756,8
12784,3
12811,14
12824,5
12828,8
12835,8
12863,6
12917,10
12945,8
12951,10
12965,3
12982,29
12990,3
13026,3
13032,8
13057,8
13060,3
13080,8
13082,0
13093,10
13094,3
13104,8
13126,8
13141,8
13148,8
13164,3
13173,0
13215,8
13221,3
13223,3
13256,8
13268,8
13273,20
13279,20
13280,3
13331,8
13347,8
13393,3
13518,18
13540,8
13551,3
13552,29
13582,21
13600,3
13604,3
13607,8
13664,3
13666,3
13668,8
13682,8
13709,1
13715,8
13722,8
13733,3
13763,8
13850,12
13867,8
13872,8
13874,8
13896,8
13915,8
13935,3
13968,3
13973,0
13995,21
14007,8
14014,8
14049,10
14079,14
14085,8
14087,8
14173,8
14180,3
14201,10
14230,8
14232,6
14249,8
14254,8
14271,3
14281,8
14283,8
14295,8
14326,3
14336,8
14357,3
14374,10
14387,23
14392,8
14393,8
14422,24
14423,8
14433,8
14449,3
14451,8
14456,27
14461,3
14517,8
14521,20
14527,8
14538,8
14571,8
14573,8
14599,8
14638,3
14667,20
14683,3
14691,8
14698,3
14744,3
14768,21
14808,3
14849,8
14888,8
14897,8
14914,8
14952,8
14958,8
14965,8
14966,8
14998,8
15021,3
15040,8
15046,3
15049,17
15062,8
15076,8
15081,0
15093,0
15135,3
15144,3
15150,8
15184,3
15185,6
15208,8
15213,3
15230,3
15250,8
15268,8
15276,8
15288,8
15361,8
15367,8
15387,8
15408,6
15418,10
15450,8
15497,10
15500,15
15542,8
15563,8
15589,8
15602,7
15641,8
15651,17
15654,8
15670,3
15686,8
15700,3
15819,0
15822,3
15834,3
15841,8
15845,0
15918,8
15922,8
15936,8
15945,10
15957,10
15962,8
15964,8
16005,8
16009,25
16010,3
16012,8
16034,3
16036,8
16046,3
16086,8
16090,8
16106,23
16110,8
16121,10
16130,3
16133,3
16155,25
16161,3
16192,8
16220,8
16231,1
16237,3
16244,8
16246,0
16258,8
16263,10
16319,8
16325,8
16383,8
16412,21
16413,8
16417,10
16418,8
16449,8
16452,8
16488,0
16492,8
16504,6
16510,3
16532,18
16545,0
16551,18
16585,8
16599,2
16601,3
16634,11
16654,8
16666,10
16673,8
16695,8
16699,8
16708,8
16713,3
16717,3
16718,7
16721,3
16730,3
16749,3
16755,21
16759,8
16769,3
16777,10
16781,3
16795,16
16798,3
16803,8
16805,3
16818,10
16835,3
16867,8
16871,8
16876,8
16877,25
16908,3
16916,17
16919,10
16935,8
16943,0
16949,18
16966,3
16974,8
16982,8
16994,8
16996,10
16999,10
17003,21
17045,8
17046,3
17051,8
17054,8
17058,3
17065,21
17073,3
17159,7
17172,8
17177,6
17180,8
17183,21
17190,17
17224,8
17233,3
17247,8
17277,3
17278,8
17282,3
17330,8
17340,8
17353,10
17391,8
17402,10
17448,3
17453,18
17460,8
17464,8
17507,8
17569,8
17578,8
17605,8
17625,8
17645,3
17667,10
17702,8
17703,8
17724,3
17726,8
17761,26
17763,8
17789,8
17842,8
17859,26
17894,18
17906,13
17926,3
17950,12
17970,0
17975,3
18002,8
18004,8
18012,0
18016,8
18038,8
18067,6
18082,1
18095,10
18096,3
18097,8
18134,8
18155,6
18167,0
18170,8
18172,0
18176,25
18196,8
18203,15
18212,8
18250,8
18254,19
18309,8
18311,10
18313,3
18316,8
18322,8
18323,3
18366,8
18384,8
18385,8
18395,8
18398,8
18401,18
18411,0
18412,8
18439,0
18464,8
18487,8
18519,8
18671,8
18672,8
18679,8
18689,3
18702,8
18710,8
18713,8
18714,6
18722,7
18747,8
18758,8
18850,8
18852,8
18869,8
18886,8
18908,3
18913,1
18922,8
18945,8
18963,8
18979,3
18995,8
19011,0
19018,3
19019,3
19022,8
19031,8
19085,28
19145,14
19164,8
19200,8
19206,21
19220,8
19233,3
19259,3
19303,8
19328,8
19336,21
19362,3
19422,8
19429,3
19440,3
19487,8
19493,21
19501,8
19503,10
19522,8
19565,8
19570,3
19571,6
19573,13
19580,8
19592,8
19605,10
19609,8
19659,15
19664,15
19681,10
19695,8
19711,12
19725,7
19753,8
19760,6
19803,8
19815,8
19842,15
19874,8
19886,8
19935,6
19969,8
19970,8
19972,8
19974,23
20005,8
20022,10
20032,8
20034,13
20060,18
20062,8
20106,15
20115,0
20119,27
20126,3
20147,3
20149,3
20150,25
20155,8
20164,8
20172,2
20180,16
20201,28
20230,17
20240,8
20245,0
20250,11
20254,8
20265,0
20294,20
20300,8
20332,3
20336,14
20345,8
20347,3
20350,25
20388,3
20401,3
20409,8
20410,3
20415,8
20418,10
20428,8
20446,8
20448,10
20449,8
20458,8
20462,18
20484,3
20493,8
20501,27
20561,0
20570,8
20622,3
20627,10
20629,3
20664,3
20668,3
20680,23
20703,23
20738,8
20745,8
20751,8
20755,8
20784,8
20794,8
20801,3
20804,21
20806,3
20845,8
20846,8
20851,8
20852,8
20855,8
20858,8
20859,8
20866,3
20916,18
20918,8
20919,8
20946,8
20961,6
20971,21
20995,3
21011,7
21014,16
21020,8
21031,18
21045,3
21049,3
21075,8
21079,9
21083,8
21112,8
21116,8
21155,8
21188,8
21202,3
21207,3
21213,8
21229,6
21231,3
21252,7
21261,3
21264,0
21343,8
21347,8
21356,0
21357,8
21364,15
21368,8
21370,6
21404,15
21406,9
21462,6
21469,8
21484,27
21486,8
21490,8
21515,8
21540,3
21550,8
21575,8
21576,12
21593,8
21618,0
21649,8
21659,18
21660,20
21684,8
21708,3
21750,8
21751,8
21774,8
21822,8
21860,8
21867,8
21870,27
21875,10
21895,2
21903,19
21912,8
21918,8
21930,3
21937,0
21948,3
22012,8
22015,8
22022,8
22023,8
22045,13
22062,10
22074,13
22088,8
22089,3
22097,8
22107,0
22121,8
22126,8
22145,8
22154,8
22167,3
22192,8
22200,3
22243,8
22252,27
22338,20
22362,8
22365,15
22389,8
22409,3
22418,8
22464,14
22495,3
22503,8
22504,8
22521,14
22532,10
22547,8
22617,3
22624,6
22625,12
22637,8
22648,8
22657,8
22695,10
22710,8
22747,8
22773,10
22780,0
22809,8
22813,18
22818,27
22830,3
22881,8
22885,8
22888,3
22900,8
22912,2
22922,8
22924,8
22936,27
22964,8
22975,8
22981,8
23006,8
23020,10
23038,8
23065,8
23070,8
23079,8
23124,8
23127,8
23128,15
23138,8
23166,8
23188,8
23200,8
23204,8
23231,8
23271,8
23288,3
23297,3
23364,8
23366,8
23392,8
23408,8
23459,3
23469,3
23493,8
23498,8
23508,8
23511,18
23547,22
23571,12
23582,3
23585,3
23619,10
23624,3
23631,8
23642,10
23643,8
23650,8
23652,0
23659,8
23664,27
23666,8
23680,18
23699,7
23703,8
23749,8
23768,21
23771,3
23776,8
23816,3
23835,8
23838,8
23847,3
23848,27
23871,25
23872,11
23881,0
23902,25
23933,0
23997,8
24027,8
24052,3
24082,20
24090,7
24105,3
24145,8
24150,8
24167,8
24172,8
24182,14
24186,14
24188,3
24191,8
24193,8
24194,25
24204,8
24211,8
24217,8
24283,8
24301,8
24342,8
24348,8
24379,0
24391,3
24401,10
24427,6
24433,21
24452,3
24458,8
24462,8
24515,3
24525,13
24539,8
24544,8
24558,0
24570,10
24578,8
24585,8
24601,8
24612,8
24624,8
24627,0
24639,8
24641,10
24642,9
24685,8
24694,8
24697,8
24709,8
24733,3
24748,8
24751,8
24767,8
24768,8
24769,8
24771,10
24773,8
24778,8
24835,8
24838,14
24846,10
24861,8
24878,3
24921,1
24926,0
24933,18
24934,14
24941,8
24945,8
24960,3
24968,8
24975,8
24982,10
24995,0
25009,3
25041,8
25103,6
25105,3
25109,21
25131,14
25153,8
25178,8
25216,14
25217,8
25225,10
25235,8
25253,14
25261,3
25281,8
25298,8
25311,8
25351,8
25359,8
25373,3
25389,8
25395,18
25403,8
25405,0
25409,27
25410,10
25411,8
25436,3
25453,8
25466,8
25471,8
25533,6
25545,0
25561,8
25580,3
25583,13
25601,0
25604,8
25630,8
25674,8
25695,8
25700,8
25711,15
25792,8
25804,8
25827,21
25843,8
25850,9
25890,3
25893,3
25916,8
25919,5
25930,10
25957,8
25966,19
25976,3
25981,22
25996,25
26030,8
26057,12
26070,8
26084,27
26120,8
26124,0
26129,8
26133,8
26134,3
26145,28
26146,8
26151,0
26153,8
26161,8
26182,6
26190,5
26196,8
26200,8
26206,8
26209,21
26231,3
26240,2
26284,8
26326,8
26332,8
26346,8
26350,8
26371,2
26374,1
26385,8
26411,10
26412,3
26416,8
26418,8
26424,8
26432,8
26435,8
26443,8
26487,15
26509,8
26516,3
26517,24
26518,8
26521,3
26527,8
26535,3
26538,24
26544,9
26553,6
26561,3
26579,10
26583,10
26586,8
26593,26
26598,9
26611,10
26612,3
26615,10
26616,8
26620,22
26621,15
26624,3
26628,3
26659,8
26680,8
26706,8
26711,8
26713,10
26730,8
26731,8
26751,8
26756,3
26774,3
26782,3
26803,8
26813,15
26823,25
26831,8
26883,25
26927,8
26938,8
26939,8
26949,8
26973,8
27091,3
27100,8
27140,3
27169,3
27172,8
27193,3
27204,3
27222,3
27265,14
27287,8
27300,8
27313,1
27317,10
27352,14
27363,8
27383,3
27462,1
27472,21
27499,8
27538,0
27551,8
27573,8
27593,8
27606,8
27612,8
27616,8
27617,15
27621,8
27647,23
27650,8
27684,10
27704,3
27724,8
27740,3
27741,8
27788,0
27812,27
27813,3
27821,3
27838,8
27875,0
27888,8
27891,3
27929,8
27947,0
27955,8
27956,10
27961,8
27964,3
27979,8
28004,8
28016,5
28056,24
28069,8
28072,8
28076,8
28091,13
28096,18
28139,8
28144,0
28150,25
28156,8
28177,12
28204,21
28219,8
28222,25
28255,0
28257,12
28269,21
28289,20
28299,8
28315,8
28360,8
28372,8
28373,8
28374,8
28395,10
28430,8
28448,8
28451,4
28454,3
28477,25
28481,15
28488,8
28492,8
28523,15
28534,8
28537,8
28539,25
28543,3
28575,8
28591,6
28592,21
28594,27
28602,3
28619,12
28632,8
28634,26
28647,0
28663,8
28666,8
28667,6
28694,6
28700,3
28731,0
28735,10
28763,8
28782,8
28790,8
28795,8
28820,8
28865,20
28877,8
28884,3
28899,18
28938,3
28945,3
28953,8
28980,3
29000,3
29013,8
29015,8
29028,3
29040,8
29056,3
29070,8
29094,3
29101,18
29133,8
29168,3
29204,3
29209,14
29232,8
29246,8
29259,17
29279,10
29306,3
29351,8
29380,8
29387,8
29394,10
29408,10
29415,8
29419,3
29424,3
29497,18
29526,27
29539,0
29570,6
29627,8
29648,3
29654,8
29694,8
29702,3
29743,8
29789,10
29795,8
29806,8
29835,8
29846,8
29848,3
29855,21
29867,9
29881,8
29885,8
29888,8
29905,8
29907,8
29915,3
29928,8
29974,3
30022,8
30029,3
30035,22
30052,0
30072,8
30078,8
30081,6
30085,8
30094,0
30104,8
30116,8
30120,3
30125,8
30127,3
30131,3
30144,8
30202,8
30210,3
30245,3
30246,8
30261,3
30263,8
30270,8
30273,0
30276,4
30281,3
30290,10
30312,8
30316,14
30319,10
30321,8
30324,21
30333,3
30341,8
30385,8
30406,8
30408,3
30411,8
30426,0
30445,1
30461,3
30471,14
30487,13
30493,3
30495,6
30507,8
30509,8
30511,25
30527,8
30531,18
30533,19
30554,8
30555,1
30560,8
30577,8
30590,8
30594,13
30598,3
30607,3
30642,8
30645,3
30650,8
30657,3
30667,0
30677,8
30711,27
30712,3
30716,0
30727,8
30735,27
30744,8
30746,3
30749,17
30770,21
30771,8
30779,3
30787,3
30791,8
30795,3
30806,19
30810,3
30814,8
30824,3
30838,3
30854,0
30887,7
30889,8
30898,1
30899,3
30906,8
30925,25
30933,3
30939,3
30964,8
30968,13
30971,8
30972,13
30979,8
30985,18
30989,3
30994,13
31006,8
31008,14
31010,8
31021,0
31040,17
31049,8
31050,29
31053,5
31080,3
31082,8
31094,0
31099,8
31102,8
31134,3
31136,8
31139,8
31140,8
31144,3
31152,8
31158,7
31172,8
31226,10
31229,3
31230,8
31235,3
31245,3
31250,3
31256,3
31261,8
31268,8
31278,3
31295,8
31308,3
31315,26
31343,10
31355,8
31362,3
31386,8
31391,11
31392,10
31393,5
31398,8
31404,3
31406,8
31412,0
31421,8
31431,10
31446,10
31466,8
31468,8
31471,18
31528,3
31533,8
31541,15
31551,14
31556,11
31584,8
31586,8
31594,8
31609,8
31611,8
31614,3
31624,8
31652,0
31660,8
31671,8
31681,8
31688,19
31692,3
31695,8
31702,3
31712,8
31714,3
31740,10
31742,8
31779,8
31816,3
31820,8
31822,8
31826,17
31838,8
31841,8
31846,23
31858,8
31860,23
31868,8
31900,8
31919,19
31948,0
31950,0
31978,8
31983,8
31987,3
32003,10
32022,8
32034,0
32036,3
32039,3
32049,20
32076,3
32087,10
32108,3
32110,8
32122,17
32148,22
32154,3
32159,3
32184,10
32188,0
32195,21
32196,8
32211,8
32223,8
32244,10
32250,9
32275,25
32289,8
32329,3
32362,3
32402,8
32412,8
32417,10
32440,7
32444,8
32467,8
32483,3
32516,18
32530,10
32541,8
32569,6
32575,8
32599,6
32627,6
32641,18
32678,3
32691,8
32694,8
32721,23
32764,8
32773,27
32793,8
32802,18
32817,8
32855,8
32861,3
32870,8
32955,8
32958,8
32963,3
32964,3
32991,10
32992,8
33004,3
33006,3
33021,8
33026,8
33030,10
33036,3
33049,8
33088,8
33114,8
33124,18
33145,8
33153,8
33156,3
33163,3
33178,3
33179,17
33180,8
33193,8
33200,3
33203,8
33264,21
33270,6
33281,8
33283,0
33307,8
33315,8
33319,15
33327,8
33345,8
33383,8
33386,8
33388,8
33405,8
33408,8
33422,6
33426,8
33430,8
33432,8
33442,8
33459,8
33461,3
33474,13
33487,8
33491,8
33505,21
33509,8
33517,21
33557,8
33576,20
33580,0
33597,8
33614,3
33633,8
33656,8
33681,10
33697,8
33763,3
33773,8
33779,8
33816,21
33818,24
33826,8
33832,10
33836,8
33862,15
33888,3
33898,8
33905,8
33933,26
33943,8
33944,8
33958,10
33967,3
33974,24
33980,8
33981,13
33995,8
33999,0
34019,8
34075,2
34087,3
34115,3
34152,8
34181,3
34215,6
34216,0
34223,8
34227,3
34230,3
34277,8
34286,8
34300,0
34377,21
34397,3
34444,8
34460,8
34465,8
34476,8
34501,3
34502,8
34521,8
34523,8
34526,8
34531,8
34539,14
34566,8
34581,21
34588,12
34597,8
34600,3
34608,8
34636,3
34644,8
34655,8
34657,3
34676,8
34701,8
34736,8
34740,8
34752,15
34761,21
34764,8
34776,8
34785,8
34798,8
34801,3
34823,8
34840,2
34864,8
34908,8
34932,3
34987,0
34988,10
34997,8
35030,3
35042,8
35050,6
35072,0
35079,8
35081,14
35090,8
35124,3
35144,10
35148,5
35182,21
35185,8
35188,3
35233,10
35240,3
35257,8
35270,0
35320,0
35334,8
35407,8
35424,21
35433,8
35445,15
35458,8
35467,20
35473,8
35480,8
35486,8
35490,8
35518,0
35532,3
35552,8
35631,2
35704,20
35705,8
35707,13
35712,8
35713,8
35717,8
35718,25
35722,8
35789,8
35793,25
35809,8
35826,0
35836,2
35841,3
35842,3
35845,3
35857,24
35859,16
35865,3
35909,0
35910,6
35918,14
35921,3
35922,3
35925,0
35926,8
35931,3
35951,8
35953,8
35954,8
35962,8
35963,18
35964,3
35966,8
35979,3
35996,8
35998,9
36003,27
36043,0
36103,10
36110,8
36121,6
36124,8
36135,10
36137,8
36141,0
36157,8
36186,8
36200,3
36229,10
36238,3
36256,17
36269,8
36286,20
36288,0
36299,11
36304,10
36307,3
36326,0
36327,9
36357,0
36379,8
36413,8
36416,8
36441,8
36541,8
36554,10
36562,11
36568,3
36606,7
36609,21
36613,8
36621,8
36635,8
36638,0
36662,8
36673,0
36677,19
36693,8
36704,8
36709,2
36715,6
36718,8
36724,8
36741,0
36749,3
36771,8
36798,8
36801,3
36807,21
36811,3
36817,21
36836,0
36839,3
36849,8
36877,8
36907,12
36935,3
36938,25
36952,3
36961,8
36964,8
36965,3
36973,8
36978,6
36992,8
37019,8
37022,8
37030,8
37083,2
37113,8
37133,8
37147,7
37164,3
37168,3
37185,8
37197,3
37208,22
37227,15
37235,6
37239,10
37244,10
37288,8
37293,3
37300,8
37310,25
37311,13
37332,8
37333,8
37377,18
37400,6
37426,3
37431,8
37447,3
37454,22
37493,9
37511,0
37512,25
37527,8
37536,8
37538,6
37540,8
37546,8
37548,8
37556,14
37560,8
37567,8
37573,8
37584,23
37586,8
37597,3
37605,3
37623,10
37644,17
37654,8
37683,8
37689,8
37691,21
37693,0
37712,16
37745,8
37777,8
37790,20
37794,3
37798,8
37817,3
37822,21
37836,8
37841,8
37874,18
37905,6
37929,8
37950,28
37957,8
37968,6
37974,23
37975,8
37979,0
37989,7
38005,8
38023,11
38029,8
38034,1
38074,18
38081,3
38091,3
38169,8
38176,8
38213,8
38217,8
38229,8
38248,3
38250,18
38254,8
38262,8
38273,24
38281,21
38308,8
38345,8
38376,8
38377,8
38449,8
38457,3
38464,25
38482,3
38508,8
38524,3
38544,3
38549,8
38555,8
38556,18
38559,3
38590,10
38626,8
38654,3
38660,3
38661,6
38674,8
38679,21
38703,7
38718,9
38725,8
38744,8
38762,5
38763,5
38775,8
38781,3
38802,10
38818,8
38832,8
38855,8
38887,10
38899,19
38904,18
38922,3
38933,6
38935,8
38950,21
38956,8
38991,18
38994,8
38995,7
39077,8
39087,7
39106,3
39133,8
39134,3
39147,8
39159,3
39195,3
39219,3
39227,0
39255,8
39265,8
39281,20
39284,18
39287,8
39321,8
39340,8
39345,20
39353,3
39372,18
39374,21
39379,8
39385,25
39396,27
39400,8
39441,3
39453,3
39464,10
39467,13
39502,3
39513,18
39523,3
39527,8
39572,8
39584,7
39588,8
39602,8
39608,8
39616,27
39646,21
39662,20
39664,0
39681,8
39700,3
39705,24
39723,10
39739,8
39773,14
39928,8
39974,8
40012,8
40043,8
40052,10
40092,8
40110,3
40134,0
40136,24
40190,8
40197,8
40199,8
40222,17
40276,8
40278,8
40299,21
40316,0
40330,6
40362,22
40367,10
40415,9
40417,10
40435,8
40446,10
40450,10
40466,0
40471,8
40476,8
40505,0
40511,3
40553,19
40559,8
40563,8
40602,8
40604,8
40612,15
40617,8
40627,8
40640,3
40643,8
40647,8
40664,8
40680,9
40698,8
40732,8
40748,8
40764,8
40772,3
40795,27
40796,25
40798,1
40838,23
40839,8
40860,8
40863,8
40885,8
40888,18
40889,12
40895,8
40914,21
40922,3
40934,8
40939,8
40943,24
40958,8
41013,3
41056,8
41057,8
41058,0
41080,18
41084,26
41086,8
41088,3
41102,8
41103,3
41111,0
41117,3
41123,3
41138,8
41157,8
41177,7
41183,8
41198,8
41220,3
41227,8
41245,10
41312,3
41324,8
41347,8
41351,8
41359,8
41364,14
41376,8
41385,8
41392,8
41395,9
41403,10
41405,8
41425,3
41429,8
41449,14
41450,8
41455,9
41538,8
41557,8
41578,3
41580,15
41586,8
41589,19
41596,3
41602,8
41634,2
41646,20
41667,3
41676,3
41687,8
41700,8
41701,8
41718,8
41738,8
41750,8
41751,2
41757,3
41760,10
41781,21
41831,3
41837,8
41841,18
41842,8
41854,8
41892,10
41897,8
41911,2
41952,8
41976,8
41980,8
41985,8
42024,10
42025,8
42055,8
42093,22
42099,6
42113,8
42123,3
42124,8
42143,8
42145,8
42162,0
42178,8
42180,3
42206,3
42246,0
42274,8
42309,8
42323,25
42331,8
42333,10
42352,3
42362,8
42372,10
42400,8
42408,10
42410,10
42413,8
42419,21
42428,8
42430,8
42439,8
42450,3
42456,8
42458,18
42459,8
42466,3
42482,8
42491,8
42492,8
42511,3
42573,3
42594,8
42597,7
42601,8
42611,3
42651,14
42662,8
42694,3
42714,14
42718,10
42721,8
42724,0
42725,8
42730,0
42739,8
42740,8
42759,3
42762,3
42770,8
42780,2
42798,3
42803,8
42831,8
42847,3
42852,3
42883,3
42887,10
42898,8
42902,0
42914,0
42935,3
42937,8
42940,3
42944,8
42948,10
42952,8
42999,8
43003,8
43004,3
43006,6
43021,18
43052,8
43093,18
43118,8
43157,6
43163,21
43173,3
43190,10
43206,3
43246,12
43282,0
43285,8
43309,8
43323,10
43337,8
43359,18
43388,8
43397,6
43404,10
43407,8
43418,8
43436,5
43466,20
43481,14
43486,8
43595,1
43619,18
43626,18
43639,3
43642,10
43645,8
43664,8
43678,8
43687,2
43698,6
43714,8
43785,8
43786,20
43806,0
43807,3
43824,8
43842,1
43850,8
43852,3
43866,8
43873,10
43878,8
43893,3
43896,8
43898,8
43901,13
43907,10
43909,8
43910,12
43920,8
43925,8
43955,8
43962,8
44020,8
44021,8
44052,8
44065,0
44089,8
44091,3
44190,8
44223,8
44252,21
44269,3
44280,8
44295,3
44296,8
44297,3
44307,8
44320,8
44331,3
44334,8
44362,8
44368,3
44389,10
44404,8
44435,0
44450,3
44467,3
44472,6
44496,8
44535,15
44556,8
44566,3
44588,3
44590,3
44595,8
44611,19
44647,8
44663,18
44702,8
44727,15
44728,26
44743,8
44756,3
44765,8
44788,3
44837,10
44842,0
44845,0
44852,24
44892,10
44893,6
44911,8
44924,11
44925,8
44932,3
44949,8
44985,8
45002,8
45014,3
45033,8
45042,17
45060,3
45064,0
45068,0
45075,3
45107,10
45113,3
45114,8
45119,3
45122,8
45136,8
45148,8
45184,3
45193,6
45208,0
45218,3
45230,3
45231,3
45255,3
45287,20
45302,13
45305,3
45315,10
45340,11
45359,3
45383,0
45391,10
45409,8
45416,3
45418,3
45430,3
45435,8
45437,8
45444,11
45454,8
45460,8
45461,8
45471,0
45507,8
45526,8
45530,8
45536,8
45557,19
45564,10
45584,8
45585,18
45641,3
45656,8
45701,8
45730,8
45757,8
45765,8
45772,8
45778,10
45850,8
45879,3
45899,15
45904,0
45911,3
45943,8
46003,8
46047,8
46050,8
46099,10
46133,8
46137,3
46139,3
46145,6
46154,10
46163,8
46165,8
46197,21
46222,8
46258,8
46269,10
46293,29
46295,0
46297,8
46312,3
46345,8
46350,3
46351,8
46374,8
46389,10
46394,8
46398,28
46404,19
46417,18
46443,7
46445,8
46452,0
46461,6
46472,18
46473,8
46481,8
46483,8
46484,8
46534,8
46541,3
46633,8
46651,8
46671,18
46690,10
46706,8
46709,8
46826,8
46848,8
46862,6
46892,10
46904,8
46907,1
46909,22
47017,21
47030,8
47050,3
47075,3
47077,10
47117,18
47118,3
47127,0
47128,10
47145,10
47152,24
47194,8
47232,8
47250,8
47256,8
47276,3
47279,21
47291,8
47293,10
47315,8
47316,17
47320,8
47329,8
47368,8
47375,8
47396,8
47401,8
47411,8
47448,8
47458,10
47465,25
47504,8
47512,3
47534,8
47581,8
47594,3
47605,8
47609,6
47635,8
47743,8
47745,8
47758,10
47779,3
47793,3
47807,21
47819,8
47851,3
47856,10
47860,8
47861,8
47866,0
47922,8
47925,8
47929,21
47971,25
47974,8
47975,3
47982,8
47987,8
47996,20
48025,13
48037,21
48046,20
48057,3
48138,8
48143,8
48213,7
48215,8
48217,20
48261,8
48268,1
48305,8
48307,8
48313,8
48339,3
48342,3
48355,11
48357,8
48382,10
48407,8
48421,8
48424,3
48430,10
48440,8
48445,8
48449,8
48468,8
48474,21
48494,23
48495,8
48498,8
48519,10
48525,8
48539,8
48553,8
48579,0
48595,8
48630,0
48644,8
48662,9
48736,8
48743,21
48753,8
48779,8
48787,8
48809,8
48899,5
48911,18
48929,3
48967,8
48970,8
48975,0
48995,3
48999,8
49044,8
49061,10
49109,0
49154,3
49155,1
49166,8
49177,8
49212,23
49225,11
49260,3
49262,6
49277,1
49289,13
49300,15
49313,3
49314,18
49324,3
49373,8
49392,25
49403,3
49404,3
49415,8
49422,20
49423,3
49460,23
49526,22
49582,8
49635,27
49661,8
49668,8
49679,8
49683,21
49709,8
49753,3
49766,3
49771,3
49790,21
49792,3
49809,8
49827,8
49842,18
49889,3
49900,29
49907,0
49980,20
49994,3
49998,8
50007,8
50010,6
50019,8
50064,15
50073,21
50092,8
50098,10
50104,3
50110,3
50114,9
50129,3
50130,3
50131,8
50141,3
50143,3
50157,8
50165,3
50187,8
50193,1
50196,8
50204,19
50205,20
50206,8
50225,12
50321,8
50330,8
50336,8
50376,10
50456,8
50464,8
50504,10
50526,3
50533,8
50539,0
50545,8
50547,10
50550,8
50564,8
50566,8
50570,8
50612,11
50615,11
50650,0
50656,8
50681,20
50711,8
50714,8
50730,0
50748,3
50749,8
50797,8
50809,8
50823,29
50824,3
50832,8
50845,8
50849,18
50858,8
50859,3
50862,8
50895,20
50955,3
50993,8
51062,8
51069,8
51071,3
51082,3
51093,8
51094,8
51099,3
51100,8
51102,8
51112,8
51165,3
51169,8
51184,8
51192,0
51197,8
51207,18
51210,8
51224,8
51227,8
51252,0
51264,8
51269,3
51291,8
51350,1
51359,10
51364,10
51365,25
51386,3
51403,18
51440,8
51442,8
51449,8
51450,4
51463,8
51469,8
51481,8
51511,3
51517,8
51526,14
51545,13
51559,3
51571,8
51589,8
51627,0
51634,8
51655,0
51663,3
51665,3
51682,8
51687,8
51736,8
51742,26
51777,8
51783,24
51803,3
51805,3
51826,10
51840,3
51856,5
51883,26
51891,8
51924,10
51944,8
51962,8
51974,8
51982,8
51983,8
51990,8
51992,9
52002,21
52011,28
52021,8
52025,8
52044,10
52060,8
52130,8
52141,3
52159,18
52175,10
52199,27
52203,8
52256,19
52293,25
52313,8
52320,8
52323,8
52350,11
52352,8
52420,8
52425,21
52435,10
52437,8
52438,8
52441,8
52455,8
52472,3
52497,8
52521,26
52525,8
52532,24
52574,14
52584,21
52586,10
52614,29
52670,3
52673,8
52676,8
52693,8
52768,8
52805,8
52807,8
52811,6
52834,8
52851,10
52853,10
52887,8
52903,8
52917,19
52926,8
52944,8
52963,8
52968,8
52987,6
52993,0
52994,0
53042,23
53046,8
53069,6
53077,8
53140,10
53149,8
53150,3
53174,16
53189,3
53205,8
53220,26
53225,8
53229,8
53236,3
53241,9
53254,27
53256,0
53265,3
53278,15
53281,3
53300,8
53301,3
53304,20
53332,12
53365,3
53376,8
53377,8
53392,15
53408,20
53414,21
53418,15
53420,8
53430,8
53456,2
53458,3
53515,3
53520,3
53537,1
53545,8
53559,8
53575,3
53577,8
53590,14
53605,3
53614,2
53628,6
53660,8
53663,18
53664,4
53722,8
53724,8
53729,20
53765,8
53775,18
53790,8
53841,3
53846,13
53851,21
53934,8
53975,8
53978,8
54005,10
54010,8
54072,3
54076,8
54095,8
54116,8
54130,0
54142,8
54161,3
54193,10
54206,3
54208,8
54218,8
54220,8
54222,3
54236,8
54283,10
54290,6
54311,8
54329,8
54335,13
54374,8
54403,8
54412,3
54429,0
54453,2
54490,8
54492,8
54497,25
54511,0
54512,3
54528,0
54547,3
54564,8
54578,6
54589,3
54605,19
54617,3
54622,18
54624,3
54648,3
54652,3
54704,8
54731,8
54740,8
54812,3
54817,8
54833,8
54850,8
54884,18
54889,13
54898,11
54911,8
54917,8
54925,8
54968,10
54997,14
55006,24
55021,3
55027,20
55065,3
55075,10
55086,8
55097,3
55136,8
55141,8
55142,10
55156,8
55178,2
55180,8
55187,25
55197,8
55202,3
55203,8
55217,8
55242,8
55243,8
55244,8
55270,3
55272,19
55282,8
55334,8
55356,10
55375,8
55395,8
55398,3
55399,8
55407,8
55408,8
55409,8
55418,8
55421,10
55438,17
55441,21
55448,8
55454,8
55457,8
55486,10
55487,18
55490,2
55492,27
55493,10
55511,8
55518,3
55548,7
55550,3
55559,3
55562,3
55607,0
55622,8
55631,10
55641,8
55655,3
55665,8
55687,8
55700,8
55720,8
55732,8
55734,2
55751,24
55760,8
55776,8
55779,3
55787,10
55789,9
55799,9
55824,8
55826,10
55849,8
55850,8
55858,18
55862,8
55892,14
55927,20
55941,8
55947,8
55955,8
55961,15
55973,3
56028,8
56039,8
56045,1
56066,3
56090,8
56102,8
56157,10
56167,8
56193,8
56198,3
56201,3
56213,8
56217,8
56246,10
56271,3
56272,6
56276,8
56307,18
56315,3
56323,8
56341,8
56360,20
56369,3
56383,8
56391,15
56399,26
56442,3
56447,5
56470,3
56496,6
56534,8
56542,3
56554,7
56579,3
56598,19
56623,0
56625,18
56654,21
56661,10
56663,18
56683,8
56707,10
56715,8
56718,15
56719,8
56723,3
56739,3
56751,0
56759,8
56797,8
56804,15
56856,18
56874,8
56905,8
56917,10
56959,22
56985,8
56998,8
57002,8
57006,3
57037,8
57068,3
57069,8
57072,8
57073,8
57095,10
57105,20
57108,10
57124,20
57148,8
57168,8
57200,3
57214,8
57221,8
57229,3
57234,10
57247,3
57255,3
57261,8
57265,3
57267,14
57269,10
57302,0
57305,8
57354,8
57369,3
57398,5
57412,8
57423,10
57435,8
57449,25
57468,8
57470,8
57599,20
57601,8
57612,8
57620,12
57632,3
57661,27
57686,8
57697,8
57713,3
57725,21
57726,10
57804,8
57833,18
57838,8
57863,8
57920,15
57935,3
57949,10
57950,8
57954,8
57959,3
57960,3
57976,3
57986,8
57989,8
57991,3
57999,3
58009,8
58062,3
58067,10
58076,8
58133,8
58142,10
58151,10
58152,8
58156,8
58167,3
58168,8
58174,8
58194,3
58210,8
58224,18
58236,8
58252,8
58255,4
58257,8
58290,8
58319,0
58325,8
58342,23
58351,10
58363,10
58379,8
58389,21
58390,8
58397,8
58426,8
58440,8
58456,8
58458,8
58473,8
58482,8
58497,3
58515,0
58516,8
58529,3
58555,8
58594,6
58612,18
58629,0
58641,3
58644,3
58646,8
58685,13
58708,0
58709,8
58724,8
58746,8
58756,8
58768,3
58776,8
58790,8
58792,3
58821,8
58834,8
58855,8
58860,8
58869,8
58877,3
58898,8
58911,21
58961,3
58964,23
59034,8
59038,18
59052,8
59059,3
59113,8
59147,8
59148,8
59150,6
59172,28
59180,10
59189,3
59197,0
59206,3
59208,8
59209,18
59214,8
59216,8
59220,8
59241,8
59254,3
59261,8
59266,8
59267,13
59269,0
59297,8
59305,0
59390,1
59430,10
59438,8
59463,8
59490,3
59499,10
59504,3
59524,8
59534,8
59554,0
59595,8
59604,0
59612,14
59616,8
59656,12
59658,8
59727,6
59734,8
59748,8
59763,8
59770,3
59797,8
59808,6
59812,10
59820,2
59885,3
59895,9
59912,2
59933,0
59944,3
59948,8
59971,14
60004,8
60011,8
60014,8
60028,8
60029,9
60031,25
60032,8
60040,3
60041,0
60050,0
60064,8
60079,0
60080,8
60081,27
60083,3
60098,3
60114,3
60130,18
60140,3
60146,3
60157,3
60168,0
60177,8
60178,8
60211,14
60244,16
60251,25
60255,21
60263,20
60277,8
60278,3
60287,8
60307,10
60319,3
60336,3
60337,7
60392,0
60400,8
60412,3
60419,8
60424,8
60427,3
60439,8
60445,18
60461,8
60475,18
60476,8
60488,8
60517,9
60546,18
60569,18
60583,7
60586,8
60621,22
60626,3
60631,10
60703,21
60707,27
60787,8
60797,3
60809,8
60816,8
60823,8
60836,8
60854,8
60858,3
60905,25
60941,8
60944,3
60970,8
60977,3
60978,8
61021,0
61028,18
61038,20
61042,6
61043,8
61090,21
61107,8
61119,8
61146,6
61147,11
61181,8
61205,8
61211,3
61216,3
61257,14
61274,8
61285,3
61296,8
61297,20
61307,3
61317,8
61348,6
61354,3
61427,10
61448,3
61494,8
61497,8
61524,8
61604,8
61612,8
61619,10
61639,8
61667,8
61668,3
61704,0
61759,6
61762,8
61764,8
61775,8
61783,8
61798,3
61835,10
61845,8
61852,8
61854,6
61878,3
61885,8
61886,3
61888,25
61892,8
61899,10
61901,12
61910,0
61913,8
61935,10
62009,8
62042,8
62069,18
62078,8
62100,8
62109,8
62133,24
62150,8
62151,18
62161,8
62172,6
62182,8
62193,0
62239,0
62272,22
62302,6
62303,8
62316,3
62339,8
62348,8
62378,3
62381,0
62410,8
62426,8
62457,0
62464,15
62471,3
62475,8
62511,3
62542,20
62546,8
62558,14
62575,8
62582,3
62586,8
62592,8
62625,8
62662,8
62667,3
62670,8
62680,8
62688,3
62706,2
62716,3
62735,8
62747,8
62753,8
62755,8
62809,8
62833,8
62862,16
62881,18
62887,8
62891,21
62895,3
62919,8
62926,8
62929,8
62954,8
62958,6
62966,0
62968,3
62997,8
63004,24
63033,14
63044,8
63083,8
63105,8
63166,21
63182,8
63228,8
63243,8
63246,8
63252,8
63293,8
63321,8
63358,3
63360,2
63367,8
63389,14
63391,8
63394,2
63404,8
63405,8
63452,3
63489,8
63494,8
63506,3
63507,6
63545,25
63575,14
63595,3
63625,1
63643,0
63644,8
63650,8
63658,8
63665,8
63714,8
63765,3
63783,8
63812,8
63829,8
63849,8
63854,22
63865,18
63868,8
63901,8
63918,8
63923,8
63924,3
63938,24
63948,8
63953,0
63956,11
63993,8
63997,8
63998,27
64010,8
64012,8
64015,8
64027,8
64063,10
64073,14
64075,3
64076,8
64086,8
64111,6
64120,8
64126,0
64137,21
64175,8
64185,8
64186,8
64198,8
64220,3
64241,3
64249,8
64261,8
64270,25
64271,17
64310,13
64316,3
64320,8
64333,8
64344,27
64346,3
64358,8
64373,8
64396,10
64417,8
64422,8
64429,10
64435,10
64436,23
64440,8
64448,8
64449,3
64472,8
64521,3
64535,2
64589,8
64625,8
64629,0
64641,8
64679,10
64683,3
64726,8
64743,0
64763,8
64765,10
64769,10
64779,8
64783,3
64803,8
64805,8
64806,8
64846,15
64903,8
64943,8
64946,3
64948,8
64982,8
65008,8
65027,8
65032,3
65038,8
65068,3
65098,8
65138,8
65145,3
65183,3
65191,10
65192,8
65208,0
65228,18
65238,6
65244,8
65258,11
65270,8
65322,8
65323,8
65334,3
65338,8
65345,8
65350,1
65370,3
65377,3
65382,8
65387,8
65389,8
65390,8
65398,8
65401,8
65409,8
65444,21
65471,8
65484,18
65487,7
65497,3
65549,3
65584,18
65653,15
65663,1
65665,8
65710,18
65752,8
65769,27
65791,14
65792,8
65817,8
65831,8
65837,8
65877,0
65913,3
65921,8
65946,3
65996,8
66055,13
66073,9
66088,3
66100,0
66105,8
66113,8
66129,8
66161,8
66207,8
66234,6
66235,3
66323,20
66327,8
66337,8
66370,8
66385,8
66387,18
66423,8
66443,0
66467,8
66483,8
66485,8
66487,27
66518,3
66533,10
66539,8
66556,3
66570,8
66574,6
66591,3
66599,8
66624,8
66640,7
66680,26
66696,8
66708,10
66725,8
66765,8
66772,8
66789,3
66790,8
66792,10
66797,8
66841,3
66842,8
66853,18
66864,8
66878,7
66883,8
66938,8
66942,5
66945,10
66951,8
66953,3
66956,3
66960,18
66964,8
67034,3
67053,8
67079,8
67085,2
67111,8
67174,8
67176,3
67178,18
67187,13
67198,11
67199,8
67220,8
67236,10
67255,18
67270,20
67288,18
67296,18
67298,8
67322,8
67325,3
67351,8
67354,0
67358,8
67364,3
67375,8
67383,8
67397,3
67402,27
67403,3
67412,8
67415,3
67442,8
67445,8
67453,8
67487,10
67497,8
67515,0
67542,0
67544,24
67547,9
67591,14
67627,13
67630,8
67663,10
67677,3
67693,0
67694,3
67710,8
67733,8
67749,8
67775,8
67782,8
67785,8
67796,8
67810,24
67829,3
67838,8
67840,20
67899,8
67910,10
67930,1
67958,3
67992,8
67997,8
68000,3
68004,3
68014,8
68050,3
68052,8
68054,8
68059,8
68066,8
68067,8
68073,8
68081,10
68087,8
68094,8
68128,6
68156,25
68184,3
68185,20
68203,8
68227,8
68234,3
68240,3
68249,0
68254,8
68256,5
68257,8
68272,3
68308,8
68309,3
68383,20
68412,8
68422,8
68426,8
68429,8
68436,11
68447,8
68455,8
68468,8
68473,8
68478,8
68491,8
68498,8
68537,10
68538,21
68555,16
68561,8
68568,25
68581,3
68598,8
68615,3
68621,8
68683,8
68690,8
68700,8
68721,19
68729,3
68760,27
68767,3
68768,3
68811,8
68836,0
68846,0
68854,3
68886,18
68887,8
68943,18
68984,17
68998,8
69012,10
69023,6
69042,10
69056,8
69076,8
69078,16
69089,3
69156,22
69180,3
69188,10
69211,18
69219,8
69228,8
69232,18
69252,18
69268,8
69274,8
69310,8
69341,8
69345,8
69355,10
69378,23
69389,22
69405,18
69410,3
69460,8
69468,8
69493,8
69511,8
69512,18
69554,2
69593,3
69600,8
69601,8
69627,8
69648,8
69658,0
69684,25
69697,4
69709,3
69721,6
69727,8
69749,8
69775,3
69790,10
69808,8
69810,8
69850,8
69893,8
69919,0
69929,10
69933,19
69945,3
69967,3
69971,7
69982,8
69986,3
69990,8
70014,5
70052,21
70063,8
70065,3
70066,8
70147,8
70183,2
70186,8
70189,3
70192,3
70198,8
70201,10
70205,8
70214,8
70222,3
70238,8
70302,8
70318,8
70345,8
70379,15
70401,3
70402,10
70415,9
70429,8
70435,3
70448,2
70450,8
70477,8
70493,10
70519,8
70538,8
70541,6
70543,8
70550,8
70554,8
70556,8
70564,3
70569,8
70571,8
70574,8
70585,10
70594,23
70628,8
70648,8
70649,10
70666,12
70688,8
70703,8
70713,8
70716,8
70740,0
70772,8
70791,8
70796,8
70822,8
70864,10
70878,14
70882,8
70918,10
70931,10
70940,8
70947,8
70994,3
70999,8
71075,15
71076,8
71081,8
71102,6
71114,8
71162,3
71181,1
71183,3
71188,8
71193,3
71196,8
71207,0
71223,10
71227,10
71234,0
71261,3
71285,8
71358,8
71379,8
71410,8
71470,25
71490,1
71497,8
71514,3
71521,0
71522,8
71554,6
71568,8
71587,7
71591,10
71612,8
71628,3
71634,8
71662,3
71694,8
71703,8
71712,6
71716,14
71728,8
71739,8
71752,2
71786,7
71799,8
71800,10
71822,8
71831,8
71850,3
71853,6
71884,3
71897,8
71900,3
71902,10
71940,8
71967,8
71981,8
72004,3
72005,8
72028,10
72084,3
72099,19
72100,13
72124,8
72163,8
72183,3
72190,3
72214,21
72222,8
72233,8
72238,3
72247,0
72261,6
72276,8
72282,3
72287,2
72296,3
72347,8
72352,3
72368,0
72379,10
72418,3
72451,8
72470,3
72482,8
72523,18
72529,8
72530,10
72531,0
72575,20
72601,8
72636,10
72707,6
72742,3
72770,0
72780,8
72785,8
72863,8
72875,8
72882,3
72928,8
72950,8
72975,25
72990,5
72992,8
72999,8
73003,3
73012,8
73022,3
73044,7
73045,8
73053,8
73056,21
73059,8
73076,8
73091,8
73124,8
73127,8
73133,8
73157,3
73196,3
73215,8
73224,8
73225,8
73240,8
73292,8
73298,8
73303,3
73330,14
73331,8
73363,10
73385,8
73394,25
73398,3
73405,3
73458,8
73464,8
73467,10
73469,8
73479,8
73490,8
73504,8
73509,8
73532,8
73548,3
73588,26
73603,18
73622,0
73651,4
73670,8
73681,27
73691,8
73741,2
73746,8
73748,8
73767,8
73779,8
73795,9
73798,3
73837,8
73840,8
73892,8
73893,3
73899,8
73923,7
73955,10
73991,8
74026,6
74038,8
74043,8
74051,8
74056,27
74089,8
74093,3
74106,3
74115,7
74172,8
74175,21
74176,3
74185,21
74187,3
74189,8
74215,8
74238,8
74248,8
74274,3
74286,13
74307,8
74315,8
74322,8
74328,7
74330,8
74356,3
74358,3
74377,3
74413,3
74443,3
74453,20
74466,8
74488,8
74493,3
74495,8
74500,0
74505,8
74559,8
74569,15
74571,6
74577,8
74579,8
74630,0
74655,8
74657,8
74665,5
74687,3
74689,3
74691,25
74709,8
74743,0
74758,1
74782,8
74810,8
74825,8
74833,0
74837,8
74849,8
74871,8
74892,8
74908,8
74910,3
74911,10
74920,3
74959,8
75013,15
75028,21
75064,12
75081,25
75083,8
75085,8
75089,21
75091,8
75096,8
75115,3
75119,10
75127,8
75149,7
75177,8
75251,8
75286,0
75293,8
75294,8
75297,8
75306,8
75330,6
75335,8
75339,8
75349,8
75355,8
75405,8
75429,25
75431,8
75436,8
75482,8
75485,20
75486,8
75488,8
75491,0
75498,9
75519,8
75534,8
75546,8
75551,3
75560,0
75568,8
75585,6
75591,16
75595,3
75599,8
75695,0
75701,3
75716,8
75723,8
75747,8
75748,8
75749,8
75760,8
75762,8
75764,8
75771,8
75777,10
75783,8
75787,3
75802,3
75809,3
75819,20
75833,8
75834,8
75842,10
75852,10
75860,6
75875,8
75895,8
75951,8
75954,8
75980,8
76001,8
76019,28
76031,8
76052,8
76070,10
76102,10
76105,10
76122,8
76148,8
76151,29
76158,8
76168,13
76173,18
76218,10
76223,11
76236,3
76241,8
76249,8
76253,0
76259,3
76286,8
76300,8
76319,3
76350,8
76351,18
76352,10
76368,8
76417,8
76458,8
76460,8
76482,9
76483,12
76499,28
76512,19
76530,27
76532,7
76575,8
76576,6
76611,3
76626,25
76637,8
76682,8
76710,3
76741,8
76748,8
76766,8
76787,8
76798,8
76803,10
76812,8
76815,3
76818,22
76865,6
76866,3
76873,8
76888,2
76890,3
76942,10
76957,8
76968,8
76976,3
76977,8
76990,20
77039,8
77040,8
77045,8
77052,21
77072,8
77082,8
77110,8
77128,3
77171,8
77181,12
77261,13
77270,8
77273,3
77302,3
77304,8
77307,12
77318,8
77320,10
77332,3
77359,10
77377,8
77383,28
77386,3
77400,8
77424,10
77469,8
77480,18
77491,25
77499,8
77506,8
77516,0
77517,0
77526,15
77530,8
77585,12
77629,8
77676,8
77678,8
77686,8
77724,10
77757,8
77768,8
77772,27
77790,3
77808,8
77809,14
77811,8
77816,13
77817,8
77825,8
77840,3
77860,0
77868,8
77886,8
77891,3
77902,8
77911,8
77940,3
77960,8
77971,3
77989,8
78007,0
78015,21
78016,8
78089,8
78165,0
78229,20
78236,14
78260,0
78265,8
78323,8
78328,2
78340,8
78344,8
78346,8
78352,8
78371,3
78394,8
78432,24
78438,6
78440,20
78448,12
78469,8
78471,3
78475,8
78484,8
78496,3
78506,8
78518,0
78545,18
78553,29
78555,8
78564,0
78573,3
78588,8
78589,8
78617,8
78619,8
78673,3
78682,3
78719,6
78722,8
78746,8
78755,6
78761,8
78772,8
78773,8
78774,8
78777,0
78778,10
78783,21
78797,8
78834,6
78841,24
78844,8
78846,9
78865,8
78880,8
78895,10
78901,8
78912,8
78921,8
78941,8
78973,17
78975,8
78996,3
78997,8
79003,8
79009,2
79055,3
79057,8
79085,8
79089,3
79099,8
79110,6
79150,8
79153,8
79172,8
79182,0
79186,15
79188,8
79215,6
79266,26
79285,6
79310,8
79315,8
79323,8
79340,8
79341,8
79366,3
79441,14
79475,11
79477,8
79491,8
79506,20
79527,3
79547,8
79556,8
79590,8
79680,8
79687,8
79714,8
79724,3
79736,7
79740,20
79747,10
79754,8
79815,19
79842,10
79854,18
79873,8
79916,8
79923,6
79933,8
79939,3
79942,10
79945,8
79950,8
79952,8
79957,8
79958,13
79959,8
79961,3
79977,0
79982,8
79997,8
80011,8
80028,8
80036,9
80061,8
80066,8
80067,8
80071,6
80075,20
80077,8
80084,9
80105,12
80119,8
80135,8
80202,8
80203,19
80234,6
80266,3
80323,10
80328,8
80371,10
80397,8
80404,8
80453,3
80477,8
80509,8
80512,8
80516,14
80538,21
80555,2
80581,8
80603,8
80623,3
80642,10
80661,24
80664,8
80683,19
80684,25
80690,0
80692,8
80693,8
80704,8
80754,8
80767,21
80768,8
80771,8
80776,3
80803,8
80806,3
80810,25
80820,10
80826,25
80837,3
80908,8
80929,8
80940,8
80945,21
80954,3
80996,3
81015,3
81045,0
81048,8
81064,3
81082,3
81087,8
81088,14
81115,8
81121,6
81128,8
81136,13
81138,25
81207,6
81215,21
81216,7
81227,8
81247,8
81249,10
81263,21
81274,6
81298,17
81303,18
81311,20
81318,20
81322,8
81324,21
81332,8
81333,3
81352,3
81360,8
81368,20
81370,20
81404,8
81412,8
81434,6
81456,14
81459,3
81460,8
81481,8
81484,20
81492,21
81531,8
81540,8
81551,8
81560,28
81564,8
81573,8
81578,18
81580,8
81597,26
81609,8
81611,8
81661,10
81672,3
81682,1
81731,8
81759,8
81771,9
81781,8
81786,3
81845,8
81848,11
81854,3
81855,0
81862,8
81865,27
81901,8
81909,8
81924,3
81927,18
81950,10
81977,20
81982,11
82001,0
82080,8
82082,8
82086,8
82102,3
82123,8
82142,8
82144,8
82156,3
82159,8
82164,1
82171,8
82172,8
82182,8
82192,3
82227,8
82247,2
82317,3
82391,3
82398,8
82407,27
82431,0
82444,3
82445,8
82491,18
82497,13
82511,1
82550,2
82578,8
82600,8
82607,8
82608,10
82612,8
82628,3
82647,8
82657,3
82659,8
82673,6
82678,8
82699,18
82720,3
82751,3
82752,8
82769,8
82795,8
82797,21
82808,0
82825,15
82831,0
82841,3
82846,8
82859,3
82868,3
82882,8
82893,20
82898,8
82903,3
82917,7
82926,8
82931,8
82939,8
82942,10
82955,3
82958,8
82968,19
83034,8
83041,8
83046,3
83069,8
83092,8
83109,3
83110,8
83135,19
83156,8
83160,8
83166,21
83178,3
83186,10
83205,8
83208,8
83214,3
83235,0
83239,14
83251,8
83252,21
83258,8
83283,8
83287,26
83306,3
83314,8
83383,3
83390,3
83428,8
83431,6
83443,20
83457,8
83467,8
83493,8
83496,9
83507,8
83561,8
83587,8
83589,8
83637,15
83646,15
83666,0
83671,11
83690,8
83698,8
83707,8
83730,8
83743,8
83754,3
83775,3
83823,8
83842,8
83880,8
83971,6
84018,8
84024,22
84033,8
84111,8
84126,3
84146,8
84174,8
84178,10
84191,3
84198,8
84201,8
84308,8
84377,27
84426,8
84427,7
84476,8
84479,27
84523,10
84527,9
84537,8
84553,8
84568,8
84627,8
84639,8
84671,8
84682,3
84687,8
84700,8
84715,8
84716,8
84727,3
84729,3
84732,8
84753,8
84770,8
84795,18
84820,3
84831,6
84847,10
84854,8
84866,8
84867,8
84869,8
84872,8
84880,8
84882,10
84884,8
84897,7
84900,3
84902,8
84910,28
84912,21
84940,3
85015,8
85033,3
85043,3
85067,8
85093,3
85097,8
85132,10
85161,10
85174,8
85212,8
85256,10
85268,3
85273,10
85278,8
85280,8
85294,3
85367,27
85379,8
85409,8
85419,8
85426,27
85433,25
85442,8
85455,3
85467,8
85469,3
85486,8
85492,8
85495,1
85502,20
85510,3
85526,16
85534,3
85554,10
85587,3
85616,3
85620,8
85630,8
85656,28
85669,8
85698,8
85701,3
85708,8
85752,8
85757,14
85787,8
85806,8
85825,8
85833,3
85851,10
85872,8
85875,8
85892,20
85894,8
85905,8
85925,10
85944,8
85950,18
85962,8
85992,0
85993,27
85999,8
86001,10
86017,3
86033,8
86051,10
86072,8
86073,6
86076,8
86093,27
86100,8
86103,8
86107,8
86122,8
86123,20
86134,8
86136,8
86139,8
86145,19
86159,8
86170,3
86183,8
86189,21
86202,23
86219,8
86242,10
86243,25
86247,3
86276,3
86303,8
86309,8
86336,3
86368,3
86371,8
86392,14
86408,10
86418,10
86419,3
86462,3
86463,15
86472,8
86481,3
86488,3
86489,2
86538,8
86548,8
86555,3
86569,8
86583,8
86641,8
86680,13
86683,8
86684,8
86720,3
86728,3
86759,8
86792,3
86817,3
86819,15
86835,21
86837,8
86849,0
86856,8
86906,20
86928,8
86931,8
86932,3
86947,8
86959,6
86965,8
86969,25
87002,3
87007,8
87036,8
87037,8
87051,0
87093,19
87108,3
87114,23
87129,8
87141,17
87143,8
87147,8
87155,1
87173,3
87208,8
87257,8
87302,3
87333,8
87351,6
87397,8
87400,8
87401,8
87402,8
87473,6
87491,8
87531,8
87540,10
87549,8
87555,12
87579,10
87595,8
87600,8
87607,8
87610,3
87627,8
87635,8
87652,8
87672,3
87688,8
87690,3
87707,8
87712,19
87729,27
87742,8
87746,8
87747,3
87758,8
87820,3
87825,8
87846,8
87875,8
87911,6
87929,2
87938,5
87943,8
87948,3
87949,17
87956,8
87964,14
87974,8
87975,8
88006,3
88012,3
88029,0
88066,8
88109,8
88116,8
88122,27
88123,3
88146,0
88170,8
88187,7
88212,8
88229,21
88243,8
88248,3
88278,8
88283,14
88288,10
88299,3
88320,10
88330,0
88352,8
88389,20
88390,8
88395,8
88412,2
88416,8
88435,5
88574,8
88605,3
88620,0
88631,15
88633,3
88652,23
88677,29
88686,8
88693,16
88729,3
88733,5
88738,18
88739,8
88767,8
88768,8
88793,23
88797,8
88813,8
88817,8
88854,8
88879,8
88882,8
88937,2
88946,8
88976,6
88979,8
88993,18
89014,6
89057,7
89059,20
89062,3
89093,8
89098,0
89103,8
89134,8
89179,3
89188,8
89192,8
89207,3
89307,3
89320,10
89339,8
89346,25
89361,23
89391,3
89406,8
89453,8
89470,6
89474,3
89475,8
89493,8
89507,3
89551,20
89558,8
89602,23
89610,8
89634,8
89651,0
89761,8
89851,19
89852,15
89867,6
89869,8
89870,8
89874,20
89891,8
89905,8
89911,8
89913,7
89917,8
89922,3
89945,18
90037,8
90049,13
90066,3
90072,8
90075,3
90088,8
90090,8
90097,8
90105,8
90134,8
90137,3
90139,8
90146,10
90159,8
90170,8
90174,0
90176,8
90192,10
90198,2
90232,3
90246,8
90259,7
90277,8
90279,10
90286,8
90297,8
90300,8
90320,8
90322,3
90358,8
90391,14
90417,24
90423,12
90467,3
90471,8
90481,8
90517,24
90534,8
90614,3
90616,21
90635,8
90645,8
90653,5
90657,3
90687,8
90694,6
90712,8
90726,8
90731,8
90736,0
90743,6
90764,8
90766,8
90776,8
90784,6
90793,6
90829,8
90830,8
90839,8
90848,8
90883,8
90915,3
90966,3
90971,3
91001,8
91002,3
91017,18
91023,0
91026,8
91047,8
91052,3
91058,23
91083,8
91097,10
91100,8
91103,21
91113,16
91119,3
91127,8
91130,3
91165,6
91184,12
91203,14
91244,8
91249,8
91258,8
91263,10
91266,8
91281,6
91341,3
91342,4
91405,8
91423,8
91424,3
91425,6
91449,10
91478,3
91491,3
91532,8
91576,8
91627,8
91631,6
91633,8
91634,13
91647,3
91685,3
91692,8
91719,8
91745,8
91761,25
91777,8
91792,3
91811,3
91814,8
91832,15
91838,6
91840,8
91875,21
91882,8
91925,8
91931,10
91937,8
92011,8
92079,8
92132,18
92152,23
92154,8
92156,0
92162,8
92184,3
92208,8
92215,3
92271,8
92278,13
92282,8
92283,3
92306,8
92316,6
92336,8
92346,3
92388,8
92390,8
92398,0
92399,8
92405,7
92477,8
92498,25
92502,8
92524,2
92534,3
92536,8
92547,17
92561,8
92637,3
92648,8
92652,3
92658,3
92659,8
92664,0
92674,10
92693,11
92696,3
92724,7
92749,8
92798,14
92804,3
92807,3
92810,20
92853,25
92861,6
92865,8
92869,3
92883,3
92909,8
92938,8
92965,8
92979,10
92992,8
93018,8
93025,8
93034,6
93046,23
93047,5
93059,8
93085,3
93092,1
93105,3
93114,8
93116,0
93130,28
93141,8
93147,3
93161,8
93179,13
93194,8
93207,8
93241,14
93245,8
93257,8
93267,8
93308,3
93312,8
93335,8
93355,3
93358,0
93363,17
93364,11
93370,8
93377,10
93386,8
93397,8
93413,15
93421,15
93426,1
93427,10
93453,14
93482,8
93483,3
93488,8
93513,3
93518,3
93537,3
93562,3
93565,20
93591,8
93595,8
93606,3
93615,8
93629,20
93630,3
93631,25
93636,2
93639,3
93643,18
93644,8
93691,8
93698,25
93701,3
93711,8
93726,8
93732,6
93740,8
93769,8
93770,3
93790,8
93794,3
93800,10
93837,8
93855,19
93871,3
93872,3
93968,8
93985,3
94007,8
94009,8
94023,3
94047,8
94087,3
94094,10
94100,8
94101,8
94153,8
94159,8
94173,8
94192,8
94205,8
94209,3
94213,8
94214,3
94242,6
94263,20
94264,3
94290,8
94295,8
94307,8
94311,3
94314,8
94334,3
94347,6
94362,10
94366,3
94376,2
94385,8
94396,18
94427,8
94445,8
94455,8
94474,3
94485,27
94494,1
94495,3
94513,8
94519,13
94529,0
94542,8
94547,8
94630,3
94639,21
94651,8
94691,8
94730,6
94737,19
94781,3
94787,0
94804,8
94815,8
94818,10
94840,3
94853,18
94861,8
94865,8
94886,8
94897,8
94923,10
94931,3
94944,8
94951,6
94952,10
94965,18
94971,0
94978,10
94984,8
94985,2
94997,8
95005,8
95010,10
95011,20
95025,20
95043,6
95049,3
95068,8
95072,8
95095,8
95104,25
95128,23
95131,8
95146,24
95156,8
95172,8
95173,23
95193,20
95201,8
95207,3
95226,1
95238,8
95250,25
95261,14
95271,8
95287,8
95301,3
95311,8
95316,2
95353,3
95359,16
95360,0
95393,22
95448,8
95452,3
95492,10
95506,14
95509,3
95511,8
95516,3
95525,8
95554,8
95574,20
95593,8
95628,8
95636,8
95658,8
95738,8
95741,3
95781,3
95800,8
95866,8
95867,8
95888,8
95902,8
95903,9
95907,14
95914,8
95915,8
95921,14
95923,27
95932,2
95933,10
95948,8
95954,8
95970,8
95991,23
95995,8
96019,8
96053,3
96054,21
96055,22
96096,8
96103,18
96113,8
96115,21
96142,8
96194,18
96208,8
96320,18
96335,8
96342,8
96346,8
96357,24
96363,8
96385,8
96389,8
96402,8
96422,8
96430,3
96440,6
96448,14
96466,3
96473,8
96474,10
96475,8
96481,6
96493,3
96496,8
96521,14
96528,8
96529,8
96554,7
96558,8
96589,3
96608,8
96611,8
96634,3
96659,8
96665,8
96679,0
96718,8
96744,11
96771,18
96776,3
96869,29
96876,8
96880,15
96900,8
96913,8
96925,8
96936,3
96946,8
96954,0
96962,8
96970,14
96989,7
97025,8
97044,8
97050,8
97055,19
97099,8
97122,8
97160,8
97161,8
97179,3
97198,8
97208,3
97239,8
97272,8
97290,0
97324,6
97330,8
97343,3
97368,8
97381,3
97411,8
97423,3
97443,0
97469,3
97486,8
97493,3
97515,8
97587,3
97598,8
97620,8
97636,8
97639,8
97653,3
97694,0
97721,18
97750,8
97754,0
97807,8
97833,8
97848,21
97874,21
97875,8
97906,8
97920,8
97945,5
97952,8
97968,3
97972,8
98012,10
98023,8
98026,3
98078,8
98104,3
98159,3
98177,8
98202,8
98207,8
98230,3
98254,8
98256,8
98263,23
98287,8
98297,3
98316,8
98320,18
98322,3
98344,6
98356,2
98373,8
98376,8
98391,20
98422,3
98428,8
98439,8
98440,25
98443,8
98468,25
98474,8
98484,19
98499,8
98525,3
98535,8
98544,8
98547,0
98574,3
98575,3
98596,18
98628,20
98633,10
98647,3
98654,14
98655,3
98656,8
98668,8
98671,3
98686,18
98707,8
98722,18
98723,0
98741,10
98757,3
98758,28
98783,2
98787,12
98794,10
98825,3
98860,8
98861,3
98887,6
98904,21
98919,8
98923,10
98930,2
98943,28
98952,3
98958,0
98988,10
99001,8
99022,8
99023,8
99025,15
99026,3
99032,20
99051,8
99067,8
99077,8
99102,3
99115,8
99126,8
99136,3
99146,3
99165,8
99193,10
99196,8
99204,18
99222,10
99227,3
99242,8
99252,25
99268,8
99277,8
99281,14
99298,9
99312,17
99313,7
99314,10
99322,3
99328,8
99347,0
99354,8
99386,8
99390,8
99400,8
99434,8
99441,6
99469,8
99508,14
99521,8
99523,10
99548,8
99550,8
99616,8
99623,8
99630,0
99635,3
99641,8
99648,3
99650,18
99668,8
99714,8
99720,5
99738,25
99765,3
99792,8
99832,10
99919,8
99946,3
99954,8
99955,1
99963,8
99996,13
100004,5
100009,20
100010,8
100035,18
100038,8
100046,8
100053,6
100066,10
100088,20
100098,8
100115,25
100119,8
100121,8
100188,8
100197,8
100217,8
100223,3
100227,27
100251,2
100256,0
100261,8
100264,22
100266,8
100294,10
100355,8
100361,10
100393,3
100427,8
100448,8
100454,3
100459,26
100460,8
100471,12
100506,10
100517,10
100519,8
100546,8
100568,0
100578,6
100590,3
100594,3
100610,3
100644,20
100648,15
100658,8
100694,0
100697,8
100756,8
100782,8
100783,8
100815,15
100822,8
100832,14
100846,20
100887,3
100903,3
100906,28
100964,8
100984,17
101035,10
101041,18
101081,25
101082,8
101091,23
101126,25
101141,3
101150,8
101154,9
101172,8
101191,8
101196,0
101209,29
101214,3
101226,3
101242,8
101251,3
101299,3
101304,3
101305,20
101336,6
101369,8
101381,3
101422,10
101424,8
101505,8
101513,3
101517,8
101527,8
101546,8
101550,2
101554,8
101559,8
101566,3
101606,2
101614,3
101620,22
101635,8
101666,8
101680,8
101681,8
101696,3
101699,8
101704,8
101731,10
101739,8
101741,18
101744,18
101824,8
101835,8
101836,3
101851,27
101874,3
101876,24
101882,1
101887,3
101910,8
101971,8
101978,8
101988,8
102019,3
102029,8
102032,10
102033,8
102034,8
102117,0
102129,13
102130,3
102154,3
102158,8
102164,8
102189,3
102196,8
102220,18
102227,8
102232,8
102262,6
102275,18
102284,3
102322,8
102335,3
102349,8
102359,1
102372,8
102375,3
102399,0
102411,24
102430,10
102489,3
102494,8
102505,8
102518,8
102532,8
102542,8
102555,24
102564,0
102571,3
102581,3
102642,14
102647,18
102668,10
102676,8
102702,27
102705,24
102719,8
102733,0
102743,8
102758,8
102772,3
102798,8
102800,8
102813,8
102832,8
102842,8
102844,8
102891,27
102899,8
102921,3
102939,3
102945,0
102955,8
102958,8
102967,12
103024,3
103026,8
103028,8
103057,8
103144,3
103213,8
103251,10
103265,8
103277,8
103280,8
103281,8
103304,0
103315,0
103336,2
103348,8
103416,8
103445,3
103467,3
103477,3
103490,8
103496,3
103537,0
103541,27
103577,5
103579,3
103624,3
103630,3
103656,6
103665,8
103668,8
103679,3
103699,8
103733,3
103811,21
103828,10
103867,3
103871,8
103922,8
103930,8
103935,6
103955,8
104051,0
104053,8
104058,14
104059,8
104066,8
104072,25
104098,8
104113,6
104123,8
104125,10
104141,8
104144,18
104160,8
104165,8
104168,8
104211,26
104236,8
104240,3
104243,10
104268,6
104278,3
104311,10
104334,23
104337,8
104341,8
104362,6
104399,2
104404,8
104413,10
104422,8
104429,1
104437,10
104443,8
104447,3
104451,3
104468,8
104489,8
104505,15
104517,8
104527,8
104532,8
104550,6
104562,8
104569,3
104588,8
104604,8
104624,8
104636,22
104657,25
104658,8
104665,13
104705,3
104759,6
104795,8
104796,3
104808,8
104812,6
104862,3
104864,8
104880,11
104883,3
104925,3
104939,3
104981,8
105012,8
105028,5
105040,8
105054,27
105058,18
105076,0
105079,10
105100,8
105101,0
105108,10
105114,10
105115,3
105124,18
105128,8
105137,23
105160,8
105187,8
105214,6
105221,11
105262,8
105263,27
105286,8
105295,8
105298,3
105313,8
105317,24
105332,8
105335,3
105358,8
105360,8
105374,14
105381,8
105475,8
105476,10
105503,8
105517,12
105534,8
105535,8
105536,19
105572,14
105576,8
105596,3
105599,8
105627,0
105649,3
105672,8
105677,8
105745,8
105746,8
105769,3
105795,8
105813,8
105851,8
105869,15
105871,8
105874,3
105881,8
105904,3
105927,8
105937,9
105956,8
105968,3
105974,8
105979,12
105987,15
106007,14
106018,8
106028,8
106059,3
106078,0
106086,8
106114,15
106128,8
106131,3
106150,8
106179,8
106198,8
106208,1
106225,7
106230,18
106273,8
106280,24
106282,0
106294,18
106295,8
106302,3
106331,10
106338,8
106356,8
106369,26
106388,0
106397,8
106402,8
106406,0
106407,8
106417,3
106426,8
106434,3
106437,8
106503,8
106514,8
106534,8
106538,8
106550,8
106553,3
106583,8
106595,8
106614,23
106632,8
106682,8
106725,8
106751,8
106768,5
106777,8
106803,8
106816,0
106820,8
106821,3
106845,0
106846,21
106848,8
106849,26
106862,10
106874,21
106893,8
106895,8
106936,8
106946,19
106950,3
106954,8
106979,8
106988,8
107021,22
107026,8
107042,8
107044,8
107073,25
107081,8
107099,10
107103,9
107109,0
107196,8
107208,25
107214,8
107234,10
107244,26
107258,21
107265,8
107270,3
107283,8
107288,3
107301,12
107324,25
107326,6
107329,8
107376,8
107383,8
107384,8
107394,8
107426,8
107431,20
107453,3
107456,8
107491,8
107510,3
107514,8
107523,0
107540,8
107581,8
107592,8
107594,10
107616,8
107645,8
107664,8
107675,8
107697,8
107718,8
107726,8
107731,8
107736,8
107768,8
107780,3
107784,17
107852,8
107865,3
107889,3
107921,3
107951,5
107957,8
107960,15
107969,8
107972,8
107984,8
108005,25
108017,8
108023,8
108104,3
108123,8
108130,10
108141,3
108143,18
108155,7
108158,21
108182,3
108197,0
108207,8
108213,6
108237,8
108243,27
108261,3
108267,3
108271,10
108275,3
108277,8
108285,18
108306,8
108318,8
108336,6
108352,6
108379,8
108392,0
108405,21
108416,8
108448,8
108454,8
108455,8
108478,3
108480,4
108481,3
108485,0
108487,8
108535,7
108551,8
108563,3
108622,3
108685,8
108687,8
108700,3
108726,8
108741,8
108747,8
108752,18
108753,18
108759,8
108763,18
108773,3
108789,0
108799,11
108815,8
108827,25
108836,3
108860,3
108914,8
108950,12
108963,8
108997,10
109012,8
109013,0
109014,3
109033,3
109040,8
109049,3
109072,8
109082,8
109084,10
109103,8
109107,3
109115,1
109122,9
109126,3
109135,7
109176,8
109180,3
109197,8
109223,8
109228,8
109247,8
109276,3
109278,8
109287,10
109333,6
109344,3
109349,3
109357,10
109363,3
109367,3
109388,0
109403,8
109410,8
109416,8
109422,8
109427,3
109461,11
109491,4
109502,9
109503,8
109516,0
109518,8
109519,3
109562,8
109574,15
109605,3
109639,8
109649,9
109700,20
109727,18
109741,8
109771,8
109779,28
109780,8
109783,8
109808,21
109864,20
109899,18
109901,28
109903,8
109921,3
109955,1
109971,3
110019,10
110029,23
110031,8
110040,0
110044,8
110069,18
110076,0
110093,8
110110,6
110112,0
110128,8
110160,3
110165,9
110208,10
110214,3
110227,3
110235,8
110265,8
110266,6
110267,14
110280,8
110308,3
110309,8
110317,3
110349,19
110359,8
110361,10
110367,8
110373,26
110381,8
110382,2
110406,8
110410,8
110440,14
110459,8
110483,28
110493,3
110558,20
110572,8
110584,8
110608,10
110609,3
110661,13
110700,10
110702,8
110723,8
110724,8
110746,0
110771,3
110783,8
110808,8
110820,8
110853,8
110887,10
110890,3
110912,16
110919,8
110934,22
110971,8
110973,17
110979,3
110988,8
110990,8
110993,3
111019,8
111027,8
111032,8
111035,8
111054,0
111133,12
111136,9
111166,0
111174,2
111190,9
111199,21
111210,8
111228,3
111238,8
111241,0
111245,8
111254,8
111261,20
111269,3
111286,6
111288,8
111310,8
111346,8
111390,3
111434,8
111438,3
111468,3
111474,8
111488,8
111536,3
111550,8
111578,20
111607,8
111634,3
111637,23
111657,8
111695,3
111704,3
111731,5
111733,3
111747,8
111749,10
111807,8
111816,3
111847,18
111888,25
111924,3
111926,8
111938,8
111944,28
111947,6
111954,8
111979,8
112001,13
112026,21
112069,8
112083,21
112088,23
112093,2
112109,3
112130,8
112169,6
112173,0
112188,8
112199,3
112223,10
112240,3
112243,3
112247,8
112280,10
112298,14
112335,8
112401,6
112402,10
112404,8
112408,25
112412,8
112437,8
112457,8
112502,8
112507,10
112512,6
112541,10
112544,3
112548,8
112559,1
112580,8
112590,10
112598,5
112672,10
112709,8
112736,8
112761,3
112765,14
112818,0
112845,3
112857,8
112881,19
112914,3
112931,0
112953,6
112972,8
112976,8
112977,21
112979,3
112986,8
113030,21
113039,8
113062,8
113083,8
113121,0
113155,8
113203,8
113241,0
113259,3
113266,10
113270,21
113277,8
113279,3
113292,10
113328,10
113334,18
113340,8
113364,10
113375,8
113380,8
113383,8
113425,3
113435,3
113467,8
113475,3
113519,16
113528,8
113531,13
113537,8
113568,10
113579,8
113586,8
113602,3
113618,15
113624,8
113630,13
113633,8
113657,1
113661,10
113663,18
113680,21
113708,8
113723,8
113752,0
113755,3
113777,8
113778,3
113804,3
113817,20
113821,8
113856,8
113859,8
113902,8
113904,2
113913,3
113926,8
113944,6
113955,6
113966,3
113983,3
113989,21
113990,8
114007,10
114016,3
114018,8
114066,10
114075,15
114085,17
114089,3
114143,8
114178,14
114185,18
114197,8
114200,18
114203,3
114210,3
114216,3
114217,19
114218,8
114258,25
114265,0
114271,8
114279,14
114298,8
114304,3
114306,25
114365,3
114368,4
114378,3
114379,8
114406,8
114413,3
114414,25
114434,3
114444,21
114446,21
114452,10
114466,8
114498,5
114544,24
114551,8
114563,8
114565,8
114581,5
114583,3
114592,8
114597,0
114601,8
114611,8
114620,3
114629,8
114634,2
114643,3
114649,8
114654,8
114655,3
114662,8
114667,8
114695,3
114698,8
114699,8
114700,8
114722,3
114742,10
114785,8
114798,8
114799,8
114802,8
114813,9
114865,3
114868,20
114893,3
114920,8
114983,8
114988,23
115002,3
115003,16
115006,8
115045,8
115062,8
115081,8
115097,3
115109,3
115120,10
115148,8
115150,25
115161,8
115162,8
115180,8
115182,8
115208,8
115214,8
115224,15
115234,8
115286,3
115351,8
115372,8
115392,8
115410,21
115435,6
115473,0
115488,21
115490,15
115503,3
115536,27
115537,0
115538,8
115552,10
115572,27
115589,8
115665,8
115678,8
115679,10
115682,8
115692,0
115693,8
115700,25
115724,8
115751,8
115752,8
115754,3
115759,3
115783,3
115791,8
115804,8
115833,6
115839,8
115841,8
115847,8
115874,8
115875,8
115904,8
115905,8
115907,8
115917,0
115929,3
115934,8
115953,3
115956,3
115963,3
115971,10
115973,8
115997,8
115998,3
116005,10
116006,8
116031,8
116032,3
116041,8
116063,27
116070,3
116090,18
116122,3
116123,0
116153,8
116160,6
116183,10
116187,8
116199,8
116210,8
116220,3
116223,15
116232,8
116241,8
116249,0
116288,10
116294,8
116301,6
116303,8
116310,8
116313,0
116318,8
116391,8
116395,24
116428,10
116433,3
116448,3
116506,3
116521,3
116537,0
116549,7
116555,3
116556,8
116558,8
116582,0
116599,3
116630,8
116669,8
116674,8
116676,8
116705,8
116744,3
116746,8
116758,9
116763,8
116786,8
116787,8
116816,3
116828,8
116836,8
116856,8
116866,23
116897,3
116904,27
116931,0
116948,8
116950,8
116972,6
116999,8
117029,8
117070,8
117091,8
117092,3
117097,8
117109,8
117111,1
117115,10
117123,8
117130,8
117132,1
117156,8
117159,8
117164,9
117196,8
117210,8
117251,25
117255,8
117256,3
117291,8
117318,9
117345,15
117364,8
117384,17
117390,3
117396,10
117398,3
117418,3
117450,8
117467,8
117487,8
117489,0
117515,8
117539,10
117543,3
117548,8
117553,3
117557,0
117577,25
117581,3
117593,2
117594,0
117609,8
117652,0
117668,0
117683,8
117700,14
117719,8
117722,8
117738,3
117740,8
117751,8
117852,25
117858,8
117861,21
117873,13
117877,8
117912,10
117925,10
117936,6
117963,3
118135,14
118193,3
118228,14
118275,3
118286,8
118314,8
118320,0
118333,1
118336,8
118344,3
118369,8
118372,25
118414,3
118418,15
118422,8
118434,10
118471,8
118484,0
118489,14
118490,8
118524,8
118528,0
118533,27
118538,8
118542,0
118543,27
118560,3
118587,8
118627,8
118628,6
118632,3
118654,3
118659,21
118669,3
118677,10
118683,3
118688,8
118719,8
118721,8
118744,8
118800,0
118848,8
118855,8
118856,8
118871,3
118881,14
118910,3
118955,0
118985,8
119027,10
119066,10
119107,8
119168,8
119179,3
119199,8
119227,8
119229,3
119248,8
119281,8
119282,8
119326,3
119364,6
119369,8
119386,8
119387,3
119413,3
119418,3
119421,8
119446,10
119485,8
119488,3
119505,6
119517,3
119529,0
119541,8
119556,8
119567,8
119575,2
119579,6
119580,8
119582,8
119590,21
119594,10
119631,3
119642,8
119650,3
119654,3
119671,7
119725,6
119748,8
119749,8
119806,3
119833,8
119838,3
119858,27
119859,6
119884,8
119906,8
119932,8
119963,3
120030,3
120080,10
120082,10
120090,15
120093,18
120137,8
120155,5
120178,0
120181,8
120267,8
120283,10
120332,13
120333,3
120345,3
120365,8
120385,8
120396,26
120435,8
120485,8
120509,8
120515,8
120548,6
120565,3
120579,27
120588,8
120598,1
120599,8
120605,8
120610,9
120620,8
120695,20
120696,3
120709,8
120735,3
120771,10
120807,3
120817,8
120828,0
120829,3
120860,8
120873,0
120892,8
120908,20
120917,8
120928,8
120931,3
120942,20
120985,3
120994,8
121001,8
121010,8
121065,3
121066,8
121070,8
121081,3
121083,3
121093,6
121119,10
121120,8
121130,3
121135,3
121137,21
121160,8
121166,3
121167,3
121170,7
121173,8
121176,8
121178,3
121184,3
121205,3
121251,14
121264,10
121275,8
121282,3
121292,8
121313,8
121345,3
121398,8
121407,8
121424,8
121470,8
121482,8
121493,8
121530,3
121532,8
121545,27
121547,7
121561,5
121587,24
121588,8
121592,3
121594,10
121606,9
121620,0
121667,8
121719,8
121726,8
121754,8
121779,8
121817,14
121825,3
121829,8
121905,8
121932,8
121933,8
121941,3
121986,10
122011,8
122014,3
122026,3
122037,8
122045,8
122046,8
122048,3
122086,0
122096,3
122152,8
122235,15
122321,10
122352,8
122386,3
122418,3
122429,13
122440,13
122449,8
122506,2
122530,8
122542,0
122607,3
122625,8
122643,7
122656,8
122658,3
122660,8
122671,3
122675,8
122716,27
122738,3
122743,0
122765,8
122781,3
122782,3
122784,3
122793,16
122801,25
122802,8
122810,3
122854,8
122867,23
122881,6
122883,8
122901,3
122958,21
122988,8
123039,8
123055,8
123056,19
123066,8
123094,2
123095,17
123115,18
123130,8
123143,20
123154,18
123160,18
123203,3
123215,3
123220,0
123228,3
123231,6
123238,10
123257,27
123261,8
123280,3
123284,3
123298,6
123349,8
123377,8
123410,25
123415,3
123430,20
123433,8
123460,2
123468,15
123490,8
123500,8
123501,8
123503,8
123510,0
123515,22
123531,3
123543,18
123544,28
123553,8
123567,3
123580,10
123597,10
123608,24
123617,20
123625,3
123649,10
123676,3
123687,3
123700,8
123724,3
123732,8
123733,3
123744,15
123784,3
123790,25
123801,21
123825,18
123827,20
123867,11
123883,4
123925,8
123936,6
123946,10
123961,8
123973,8
123981,26
123988,10
124010,8
124048,18
124065,8
124066,10
124078,2
124079,0
124089,3
124096,8
124103,8
124175,9
124200,3
124207,0
124233,8
124259,3
124298,12
124310,10
124322,8
124325,8
124363,7
124378,8
124414,8
124442,8
124466,8
124474,3
124487,26
124488,10
124489,3
124536,8
124546,8
124553,8
124574,8
124597,2
124617,8
124645,8
124648,3
124688,8
124692,8
124699,8
124717,0
124720,20
124732,14
124747,21
124769,3
124776,8
124789,8
124818,8
124833,8
124852,8
124867,8
124869,8
124874,12
124876,27
124888,0
124915,15
124942,18
124946,20
124983,15
124988,8
124989,4
124993,8
124996,8
125027,3
125031,23
125039,6
125051,8
125058,8
125060,24
125063,3
125121,8
125133,3
125143,8
125156,3
125171,0
125188,8
125203,6
125216,0
125217,3
125224,8
125237,8
125240,8
125256,14
125274,8
125276,8
125287,1
125303,27
125334,6
125357,8
125396,3
125411,15
125440,3
125443,8
125474,8
125514,0
125519,18
125538,10
125540,8
125541,8
125554,8
125558,8
125583,8
125595,8
125641,8
125677,8
125685,8
125692,1
125698,3
125701,3
125734,10
125736,1
125774,4
125779,3
125798,8
125808,15
125826,8
125863,8
125878,0
125885,8
125892,25
125903,8
125917,0
125918,3
125928,19
126026,3
126044,10
126053,21
126054,8
126072,3
126149,3
126170,8
126177,8
126181,21
126196,13
126232,3
126240,25
126296,21
126298,21
126331,2
126360,3
126374,8
126388,11
126395,22
126404,8
126432,8
126444,8
126473,8
126487,3
126492,2
126495,8
126511,10
126531,10
126585,15
126588,8
126604,14
126609,8
126653,3
126656,8
126671,21
126677,3
126680,8
126693,14
126695,3
126697,5
126716,8
126726,0
126733,8
126736,18
126747,8
126748,8
126756,8
126783,13
126803,3
126810,24
126812,0
126814,2
126824,17
126827,3
126849,10
126860,0
126883,8
126903,21
126907,3
126911,8
126973,8
126985,10
126986,8
127014,8
127024,3
127029,8
127035,8
127037,21
127049,14
127063,10
127084,8
127089,8
127113,8
127114,8
127122,3
127129,10
127131,28
127134,8
127135,8
127137,8
127147,8
127164,8
127168,3
127171,3
127172,8
127190,3
127200,27
127203,3
127233,9
127243,8
127245,3
127250,8
127273,8
127359,14
127384,3
127389,3
127404,24
127417,3
127429,8
127431,8
127432,22
127438,3
127441,8
127453,8
127481,12
127490,3
127505,8
127519,3
127537,10
127564,10
127581,3
127621,13
127623,8
127648,3
127719,8
127755,0
127779,8
127782,3
127795,7
127813,6
127826,18
127827,3
127831,8
127854,8
127866,8
127871,8
127884,8
127893,10
127914,9
127919,8
127930,3
127942,8
127970,3
127993,8
128008,14
128014,3
128019,3
128033,3
128040,24
128045,21
128060,18
128077,8
128085,20
128119,22
128122,1
128208,18
128214,3
128233,25
128257,3
128276,10
128286,3
128324,0
128325,12
128331,2
128332,25
128362,8
128365,25
128404,3
128406,0
128415,8
128434,27
128464,8
128466,8
128506,6
128525,8
128543,8
128557,8
128559,8
128564,8
128574,8
128579,8
128588,1
128600,8
128610,8
128622,25
128624,8
128653,8
128669,3
128672,8
128693,8
128696,27
128710,8
128727,8
128732,0
128766,8
128774,8
128782,8
128790,8
128821,0
128835,26
128841,20
128906,8
128915,18
128942,10
128949,8
128962,10
128974,3
129002,8
129008,10
129074,5
129084,7
129110,8
129111,6
129113,8
129114,3
129187,8
129238,3
129255,8
129281,8
129289,8
129316,3
129338,0
129339,8
129345,3
129358,29
129368,10
129373,24
129389,3
129393,3
129399,14
129410,3
129434,8
129444,3
129458,0
129461,8
129465,3
129474,21
129489,18
129494,3
129503,0
129505,13
129531,8
129563,8
129572,8
129611,8
129617,8
129665,8
129690,0
129716,2
129718,8
129725,3
129835,15
129851,2
129883,9
129929,8
129988,3
130063,0
130081,8
130085,8
130132,21
130150,0
130157,10
130166,15
130168,3
130181,8
130199,25
130215,10
130242,8
130243,8
130258,3
130347,8
130396,3
130426,8
130430,8
130438,10
130474,18
130480,8
130482,10
130485,8
130493,3
130502,3
130518,8
130543,3
130553,8
130554,27
130570,18
130571,21
130581,18
130624,8
130636,6
130658,18
130670,8
130677,8
130679,8
130705,0
130710,8
130784,18
130792,3
130793,15
130806,8
130837,25
130844,8
130847,1
130849,8
130866,10
130869,8
130882,7
130913,8
130923,8
130939,10
130943,8
130950,0
130952,8
130961,3
130978,6
131006,8
131021,3
131023,8
131026,8
131027,10
131032,3
131039,8
131046,20
131057,8
131094,3
131099,3
131108,3
131126,0
131154,11
131166,8
131182,24
131202,3
131213,8
131233,8
131238,27
131243,8
131246,8
131296,8
131317,3
131338,8
131354,0
131363,6
131402,10
131437,3
131441,8
131450,8
131476,3
131482,25
131486,8
131510,20
131548,0
131559,8
131560,3
131564,10
131594,5
131597,0
131617,3
131622,2
131655,25
131657,18
131675,8
131678,8
131686,21
131689,8
131779,3
131837,3
131843,8
131855,3
131883,8
131884,8
131913,8
131914,8
131951,6
131967,3
131974,3
132006,8
132012,10
132030,8
132031,10
132083,20
132131,8
132133,3
132142,20
132152,8
132157,3
132166,10
132171,14
132173,4
132188,3
132199,7
132203,3
132229,23
132256,8
132282,25
132290,0
132347,8
132357,8
132371,8
132373,8
132374,8
132375,18
132382,10
132392,12
132425,8
132453,8
132455,8
132465,8
132492,3
132500,8
132513,8
132522,8
132531,8
132544,8
132562,8
132572,3
132582,3
132616,3
132624,10
132652,8
132663,3
132684,6
132687,8
132716,10
132726,10
132745,3
132786,3
132795,8
132801,8
132826,8
132836,3
132846,3
132851,0
132887,3
132901,0
132909,10
132919,8
132930,25
132981,3
132996,18
133034,8
133037,8
133041,25
133123,8
133166,8
133177,8
133192,8
133225,8
133235,0
133246,8
133258,24
133272,8
133283,8
133284,18
133296,7
133310,8
133348,8
133414,8
133416,18
133417,8
133418,10
133424,3
133435,3
133557,18
133564,8
133567,8
133569,8
133571,23
133654,8
133682,0
133689,12
133706,26
133738,10
133744,0
133747,10
133764,24
133771,8
133778,8
133786,18
133811,3
133852,8
133860,8
133868,8
133885,8
133886,8
133905,23
133935,11
133949,8
133950,8
133957,11
133958,8
133961,8
134004,8
134005,14
134029,3
134031,3
134076,8
134118,0
134120,3
134137,3
134143,8
134171,8
134184,8
134225,3
134240,8
134247,18
134264,10
134278,20
134294,3
134302,3
134311,13
134313,8
134347,10
134356,8
134381,0
134403,14
134434,13
134467,3
134478,8
134483,23
134508,0
134516,3
134529,25
134556,20
134563,8
134566,8
134596,3
134621,8
134622,8
134630,10
134641,7
134663,8
134684,19
134694,3
134705,27
134723,10
134732,8
134761,18
134782,8
134784,3
134797,21
134835,8
134837,0
134839,8
134863,3
134869,8
134884,8
134886,8
134890,8
134900,0
134921,8
134948,3
134968,8
134986,8
134999,17
135006,8
135043,7
135045,22
135061,8
135064,3
135074,8
135127,3
135129,8
135141,3
135149,11
135170,3
135176,8
135185,8
135228,3
135265,29
135277,3
135280,3
135294,8
135296,8
135317,3
135321,8
135329,3
135330,3
135351,7
135359,0
135360,27
135365,8
135367,3
135376,4
135383,8
135395,0
135398,20
135411,14
135443,8
135458,14
135460,8
135469,0
135473,8
135535,3
135567,8
135607,8
135609,24
135618,8
135624,8
135625,8
135653,3
135665,2
135673,2
135681,10
135703,23
135704,8
135730,8
135736,18
135753,25
135763,8
135766,8
135768,3
135776,3
135778,2
135785,3
135799,3
135811,8
135831,7
135833,3
135838,21
135847,25
135865,8
135869,3
135872,8
135873,0
135885,8
135895,3
135902,8
135911,3
135919,8
135928,8
135946,0
135957,0
135959,3
135965,3
135974,8
135975,3
135996,3
136010,2
136011,3
136014,7
136037,8
136055,15
136061,8
136062,0
136071,0
136077,8
136104,15
136135,3
136136,3
136137,10
136139,9
136169,8
136193,20
136205,7
136213,8
136234,7
136235,8
136237,3
136240,6
136252,2
136255,3
136280,8
136291,3
136306,8
136313,3
136326,22
136348,23
136350,8
136357,3
136362,8
136363,8
136371,8
136382,22
136396,3
136419,8
136425,8
136430,8
136439,3
136465,3
136473,8
136477,8
136491,27
136509,8
136551,3
136560,8
136561,2
136568,8
136579,8
136584,8
136585,8
136616,3
136638,5
136662,10
136667,10
136676,8
136695,8
136733,15
136735,3
136747,17
136756,8
136763,8
136779,8
136782,8
136795,8
136829,3
136905,8
136909,8
136916,3
136923,8
136943,0
136965,8
137006,8
137065,7
137082,8
137118,11
137119,8
137136,8
137137,11
137143,18
137190,3
137211,20
137222,3
137279,8
137280,8
137282,8
137283,8
137302,8
137327,8
137336,6
137348,8
137356,8
137384,8
137397,8
137434,14
137437,10
137480,3
137496,8
137497,8
137513,0
137515,8
137524,3
137527,8
137539,8
137584,8
137587,10
137588,9
137589,12
137601,8
137620,14
137627,2
137630,8
137663,3
137678,8
137684,3
137688,6
137742,4
137781,8
137803,6
137808,8
137816,20
137914,8
137928,8
137939,8
137968,3
137986,8
138010,20
138018,10
138045,8
138073,8
138097,0
138100,8
138115,8
138124,8
138132,8
138138,3
138139,3
138158,8
138176,10
138180,8
138189,1
138193,3
138198,19
138202,3
138220,0
138228,8
138239,0
138259,8
138280,8
138298,8
138300,0
138301,3
138303,8
138307,8
138330,10
138366,8
138372,8
138379,13
138380,0
138381,8
138382,3
138393,8
138397,8
138425,3
138437,3
138439,3
138441,10
138467,15
138499,8
138515,10
138525,8
138526,8
138529,0
138543,11
138546,8
138578,21
138586,3
138602,28
138641,8
138644,8
138647,3
138674,3
138687,8
138689,8
138690,8
138744,23
138761,3
138777,9
138780,8
138783,8
138813,10
138826,12
138833,8
138844,24
138849,3
138850,8
138867,8
138883,1
138886,8
138892,3
138910,8
138951,8
138954,8
138955,3
138975,8
138985,8
138995,11
139031,8
139037,3
139070,10
139102,8
139126,3
139136,8
139141,3
139182,8
139183,8
139206,3
139209,6
139221,14
139222,8
139229,8
139233,8
139243,9
139245,8
139273,8
139286,8
139287,6
139300,8
139321,3
139327,8
139359,21
139360,8
139376,5
139380,8
139387,21
139396,8
139406,3
139421,0
139458,3
139462,8
139467,10
139477,8
139480,8
139524,6
139548,13
139560,8
139574,10
139575,8
139579,8
139580,8
139586,0
139598,8
139607,3
139634,8
139636,8
139642,8
139643,8
139668,8
139688,8
139706,2
139734,8
139742,9
139747,10
139783,3
139823,8
139827,0
139828,7
139835,10
139873,3
139884,8
139904,8
139907,8
139910,8
139912,8
139913,26
139916,3
139934,8
139967,8
139968,8
139991,8
140000,21
140005,14
140013,8
140036,3
140068,3
140069,3
140080,3
140083,8
140087,8
140132,8
140133,3
140161,8
140167,3
140184,8
140196,21
140223,25
140226,8
140232,8
140255,0
140291,8
140293,25
140294,10
140340,15
140341,8
140357,8
140358,17
140372,3
140382,8
140410,15
140417,8
140423,8
140424,8
140436,8
140451,3
140478,8
140510,8
140555,19
140578,8
140605,8
140662,1
140698,8
140711,8
140756,8
140758,8
140763,7
140802,8
140820,8
140822,8
140824,18
140829,8
140842,8
140853,8
140863,8
140879,23
140894,8
140930,8
140947,8
140974,14
141010,21
141015,3
141016,8
141047,3
141065,3
141070,27
141086,8
141088,6
141089,8
141109,15
141127,3
141157,12
141201,3
141203,8
141210,3
141256,8
141273,8
141309,3
141310,3
141322,8
141323,8
141325,8
141328,8
141330,8
141373,8
141377,8
141435,8
141444,21
141450,8
141468,8
141491,7
141493,17
141496,3
141511,21
141518,8
141533,8
141543,8
141600,8
141601,8
141651,8
141704,19
141710,23
141719,2
141753,8
141774,8
141794,8
141801,3
141805,3
141819,0
141832,8
141834,8
141871,3
141876,10
141888,12
141901,25
141902,21
141909,8
141935,3
141949,8
141954,3
141958,0
141991,21
141994,3
142005,10
142017,3
142024,8
142026,8
142028,8
142039,8
142041,8
142062,14
142065,8
142076,8
142083,8
142090,8
142093,8
142103,3
142110,8
142121,23
142129,8
142134,10
142143,3
142212,3
142253,25
142256,25
142274,8
142300,8
142331,10
142398,3
142408,3
142442,8
142444,8
142454,8
142468,8
142479,24
142524,20
142555,21
142556,8
142565,10
142579,18
142584,18
142600,23
142623,6
142649,8
142661,3
142671,17
142672,11
142674,8
142680,15
142691,8
142715,21
142735,8
142745,10
142751,8
142766,8
142772,8
142801,25
142817,3
142823,19
142826,8
142861,0
142904,3
142948,8
142973,8
142974,8
142978,8
143009,3
143011,8
143103,8
143134,18
143163,1
143175,21
143211,0
143214,8
143236,8
143246,8
143253,21
143264,8
143294,18
143295,8
143302,6
143328,8
143349,8
143350,8
143384,8
143388,3
143400,10
143405,8
143409,8
143415,19
143427,3
143429,0
143435,8
143463,3
143497,9
143498,8
143569,8
143594,8
143597,10
143609,8
143625,8
143629,8
143636,8
143646,8
143668,8
143683,10
143685,3
143695,8
143715,10
143718,8
143743,10
143781,8
143792,15
143807,15
143809,10
143837,26
143875,8
143908,8
143909,6
143939,18
143964,17
143965,3
143968,10
143976,25
144017,8
144038,19
144062,10
144107,8
144110,8
144114,11
144120,8
144131,8
144134,10
144151,19
144162,3
144186,8
144194,10
144219,8
144223,0
144229,3
144241,3
144255,23
144256,3
144262,8
144314,3
144315,10
144316,3
144318,22
144338,8
144348,20
144395,8
144433,8
144449,8
144455,3
144466,3
144478,18
144486,8
144502,8
144512,8
144516,24
144531,22
144534,8
144549,21
144555,21
144585,8
144590,8
144619,0
144628,8
144632,3
144642,8
144667,10
144699,8
144705,8
144707,10
144727,18
144729,6
144765,8
144771,8
144785,8
144799,9
144811,10
144822,8
144828,15
144830,10
144899,10
144910,9
144925,1
144943,8
144967,3
144978,8
144997,10
145000,8
145003,8
145032,8
145053,3
145109,2
145145,8
145161,14
145165,23
145190,8
145194,8
145198,8
145218,25
145234,3
145239,8
145247,8
145286,10
145329,8
145330,8
145342,8
145369,18
145374,8
145412,15
145431,8
145449,23
145451,1
145473,8
145474,8
145496,2
145543,0
145546,8
145548,8
145558,8
145612,8
145614,3
145619,9
145635,7
145641,12
145644,8
145652,8
145657,8
145689,8
145706,21
145728,8
145737,24
145752,8
145783,8
145861,10
145867,8
145883,8
145885,0
145887,3
145898,8
145947,3
145959,3
145961,3
145969,3
145976,8
146002,8
146025,8
146026,3
146057,3
146061,8
146078,3
146081,3
146083,3
146090,8
146106,10
146108,8
146110,12
146113,22
146117,10
146118,8
146175,21
146197,3
146207,18
146208,8
146230,25
146261,8
146266,3
146279,3
146281,0
146298,8
146319,8
146321,8
146345,3
146348,12
146386,18
146407,3
146421,10
146428,3
146466,8
146468,8
146517,9
146530,21
146561,8
146564,10
146573,14
146582,6
146585,3
146608,8
146616,8
146641,8
146649,8
146699,18
146709,0
146722,8
146734,8
146778,21
146781,3
146803,27
146804,8
146855,21
146874,3
146890,8
146900,8
146932,15
147037,8
147045,9
147101,10
147141,5
147156,0
147166,3
147210,8
147218,8
147224,25
147249,3
147307,3
147385,25
147396,8
147404,8
147414,8
147420,12
147451,14
147462,8
147475,10
147492,8
147513,8
147522,8
147528,8
147616,8
147649,8
147676,0
147678,6
147680,3
147686,22
147687,15
147688,3
147744,8
147752,0
147762,8
147764,10
147781,8
147800,3
147803,20
147839,7
147847,12
147851,6
147878,8
147900,3
147947,13
147965,10
147975,8
147978,8
148028,6
148030,0
148052,8
148053,8
148092,8
148121,23
148123,19
148124,10
148133,3
148142,8
148153,8
148154,21
148157,10
148158,8
148191,3
148192,2
148199,0
148220,8
148239,14
148240,8
148258,25
148263,21
148303,21
148314,1
148344,18
148365,8
148378,10
148408,14
148415,8
148452,3
148514,8
148539,8
148559,8
148586,3
148590,3
148598,8
148607,8
148620,3
148621,8
148632,8
148653,8
148662,1
148695,1
148712,7
148731,8
148744,21
148782,0
148798,25
148804,25
148806,8
148847,8
148863,0
148898,21
148900,8
148928,3
148929,8
148934,21
148962,10
148965,3
148966,8
148973,8
148986,3
148989,8
148996,15
149035,8
149043,8
149061,3
149069,26
149071,7
149084,20
149120,9
149136,8
149140,3
149148,8
149152,8
149153,8
149172,8
149204,3
149206,8
149231,12
149250,3
149259,10
149325,8
149357,8
149361,10
149366,8
149373,8
149400,8
149403,3
149421,8
149445,8
149483,11
149484,3
149510,9
149511,3
149538,8
149562,8
149589,8
149598,8
149647,3
149661,7
149690,24
149802,8
149810,10
149825,12
149831,8
149838,8
149843,0
149893,0
149907,10
149908,14
149909,8
149927,8
149934,1
149985,8
150000,3
150026,8
150042,3
150049,8
150067,10
150088,8
150108,8
150124,17
150275,8
150297,10
150316,8
150327,18
150350,3
150364,3
150429,8
150431,8
150464,8
150468,10
150482,10
150498,18
150516,8
150554,0
150555,8
150561,4
150580,8
150587,14
150611,3
150627,3
150657,3
150661,5
150663,3
150695,8
150697,8
150704,21
150706,10
150762,8
150767,8
150814,0
150890,6
150894,10
150896,11
150911,3
150932,3
150942,8
150951,8
150960,9
150966,10
150968,27
150973,8
150979,14
151002,3
151043,1
151063,18
151068,8
151071,3
151081,8
151086,7
151093,20
151098,10
151101,10
151104,18
151107,10
151122,10
151139,10
151143,3
151234,8
151262,6
151263,15
151303,3
151312,8
151370,3
151405,3
151415,8
151420,8
151421,3
151454,8
151470,7
151479,3
151483,3
151495,3
151503,0
151537,3
151546,8
151589,15
151602,8
151608,25
151613,8
151616,8
151634,8
151637,8
151643,0
151653,4
151654,3
151702,8
151717,8
151737,8
151738,20
151750,8
151762,3
151780,0
151786,0
151787,3
151790,8
151799,8
151800,3
151806,8
151811,3
151824,9
151843,8
151846,23
151847,11
151861,8
151877,8
151917,8
151928,3
151946,8
151967,3
151991,5
152016,21
152020,12
152036,0
152046,3
152047,0
152050,8
152082,24
152099,2
152107,8
152136,3
152186,21
152206,6
152249,8
152258,8
152260,8
152279,8
152291,8
152295,0
152307,3
152309,7
152345,3
152354,3
152357,6
152401,8
152409,14
152428,8
152435,3
152447,8
152455,8
152461,8
152466,8
152468,27
152483,8
152496,8
152514,3
152515,8
152524,10
152548,8
152562,8
152568,8
152579,12
152582,8
152605,0
152617,8
152620,8
152645,6
152651,7
152696,1
152697,8
152720,3
152726,3
152738,3
152742,10
152770,3
152811,8
152813,25
152827,8
152831,8
152835,8
152856,8
152881,8
152942,14
152946,21
152958,8
152960,10
152963,8
152973,8
153001,8
153003,3
153032,8
153040,6
153042,10
153054,6
153079,14
153091,8
153105,8
153115,8
153158,14
153174,3
153211,19
153215,0
153249,10
153257,8
153279,25
153283,3
153284,8
153322,3
153340,8
153342,3
153361,9
153365,15
153400,10
153424,8
153496,8
153502,8
153513,2
153541,8
153563,8
153570,8
153620,9
153621,3
153653,0
153662,4
153676,25
153718,4
153719,3
153723,3
153787,8
153797,20
153818,8
153849,8
153865,10
153869,8
153877,8
153927,8
153947,3
153950,10
153957,8
153996,8
154003,3
154021,0
154031,8
154037,3
154064,10
154070,21
154075,3
154125,8
154126,9
154129,3
154137,8
154150,8
154160,3
154173,8
154176,6
154182,8
154269,0
154303,8
154330,3
154345,20
154346,8
154354,0
154393,8
154409,3
154441,8
154443,8
154460,15
154465,19
154469,26
154476,8
154487,14
154529,25
154543,10
154553,6
154560,8
154566,8
154581,8
154583,8
154592,8
154598,8
154610,8
154627,10
154633,8
154646,8
154663,8
154675,3
154679,8
154730,25
154763,8
154773,8
154781,3
154787,8
154788,8
154791,7
154810,8
154811,3
154844,2
154855,8
154859,7
154882,8
154944,18
154963,8
154975,19
154981,21
154992,10
155000,25
155014,11
155027,8
155035,8
155043,8
155047,8
155064,8
155071,3
155091,3
155141,27
155146,10
155147,9
155149,8
155154,8
155173,3
155219,0
155224,8
155237,8
155260,8
155287,8
155291,0
155306,25
155317,8
155332,3
155343,3
155349,8
155368,3
155376,23
155383,8
155444,3
155450,8
155454,3
155457,8
155463,8
155475,8
155491,8
155495,11
155541,3
155549,8
155580,21
155603,8
155650,8
155680,8
155681,8
155733,8
155743,3
155771,8
155778,9
155802,8
155806,8
155807,3
155808,3
155810,10
155820,8
155824,3
155878,8
155907,8
155913,15
155916,8
155940,8
155958,8
155989,3
156000,8
156020,8
156089,8
156096,8
156111,8
156140,8
156150,5
156161,8
156163,10
156214,18
156243,3
156269,26
156274,27
156279,8
156300,17
156319,8
156342,3
156343,8
156391,8
156395,8
156424,8
156432,14
156438,25
156462,8
156467,4
156483,3
156502,8
156510,3
156527,21
156534,8
156551,3
156566,8
156575,10
156584,20
156601,8
156609,8
156640,8
156642,8
156659,3
156670,8
156673,8
156698,3
156706,19
156726,3
156736,8
156765,8
156816,20
156837,3
156876,8
156971,8
156972,8
157018,3
157065,8
157068,8
157079,11
157082,8
157083,7
157101,3
157108,8
157118,8
157127,3
157160,8
157163,3
157187,14
157192,10
157208,3
157247,7
157252,25
157273,20
157281,18
157290,24
157347,8
157353,8
157380,3
157468,8
157536,8
157543,8
157558,8
157594,3
157602,10
157625,3
157655,18
157657,8
157660,10
157787,10
157799,21
157811,10
157818,8
157906,10
158033,3
158034,0
158039,8
158043,3
158065,8
158077,8
158100,3
158103,3
158104,7
158127,8
158140,8
158172,15
158226,20
158254,2
158258,19
158262,8
158285,8
158295,26
158339,8
158344,2
158347,8
158361,8
158385,20
158433,18
158454,8
158506,6
158509,8
158559,19
158567,3
158583,0
158589,8
158594,8
158606,0
158615,8
158618,8
158627,8
158714,3
158746,8
158763,3
158774,6
158791,3
158846,0
158852,8
158859,8
158867,8
158918,3
158984,3
158997,8
158998,8
159004,8
159033,20
159040,8
159044,3
159050,8
159059,3
159137,10
159211,8
159230,20
159259,8
159283,8
159308,8
159333,8
159376,8
159387,8
159390,8
159394,8
159396,8
159428,8
159429,8
159440,3
159455,23
159485,8
159506,11
159525,8
159564,8
159647,19
159702,8
159720,10
159727,8
159732,19
159754,0
159783,8
159787,8
159802,3
159817,10
159822,21
159834,2
159847,8
159854,12
159858,6
159860,2
159863,3
159868,3
159946,14
159950,3
159977,10
159998,8
160009,8
160011,8
160032,8
160062,8
160101,8
160109,8
160154,8
160165,8
160168,8
160180,3
160200,8
160231,2
160261,8
160295,9
160334,14
160344,10
160346,8
160361,8
160378,8
160381,10
160393,5
160401,17
160405,8
160406,8
160407,8
160408,8
160409,8
160410,8
160412,8
160413,8
160414,8
160415,8
160416,8
160431,0
160434,11
160451,3
160507,3
160511,3
160527,8
160541,3
160548,21
160558,27
160571,7
160574,3
160614,8
160636,8
160681,21
160697,8
160735,0
160746,3
160769,8
160803,3
160812,8
160819,24
160841,0
160878,15
160881,8
160886,8
160939,8
160943,8
160994,0
161037,0
161039,7
161041,6
161070,20
161101,8
161102,3
161114,21
161200,3
161211,10
161222,8
161234,17
161250,18
161252,20
161265,10
161275,3
161299,22
161326,9
161348,0
161356,8
161361,8
161373,27
161385,10
161391,3
161396,8
161407,8
161434,8
161443,3
161448,3
161462,18
161467,3
161476,6
161511,8
161533,6
161539,8
161577,8
161615,10
161619,8
161662,3
161677,6
161681,10
161685,8
161744,18
161750,3
161751,3
161752,3
161755,10
161777,8
161831,0
161849,8
161870,3
161872,11
161873,8
161880,3
161882,18
161899,8
161903,3
161936,14
161974,10
161986,8
161995,8
162001,9
162014,14
162019,27
162030,13
162035,8
162052,26
162085,8
162092,8
162121,10
162137,23
162153,8
162155,3
162186,8
162200,8
162219,3
162260,8
162264,3
162266,8
162279,8
162297,8
162301,8
162306,8
162311,21
162328,8
162363,8
162376,20
162380,0
162438,8
162473,8
162474,8
162496,3
162519,8
162538,21
162562,0
162564,15
162571,8
162590,0
162596,10
162610,3
162625,8
162626,2
162639,27
162641,8
162654,8
162662,0
162671,0
162683,10
162715,10
162726,8
162738,11
162747,8
162752,8
162760,14
162762,10
162771,8
162775,8
162780,1
162784,8
162793,8
162798,25
162827,25
162840,27
162849,3
162856,6
162861,8
162862,8
162886,10
162917,10
162935,8
162957,8
162962,8
162980,3
163016,8
163055,8
163059,8
163063,8
163128,8
163148,8
163169,1
163174,8
163187,8
163194,10
163202,2
163277,8
163302,0
163307,10
163308,3
163319,3
163326,0
163329,8
163335,8
163358,10
163415,8
163419,8
163430,10
163433,7
163443,3
163449,8
163463,8
163467,0
163485,8
163488,2
163498,8
163512,14
163517,8
163521,8
163523,8
163529,8
163533,3
163534,3
163542,0
163545,23
163554,8
163570,28
163579,20
163586,8
163600,3
163608,8
163612,0
163613,0
163662,8
163676,27
163681,8
163683,8
163689,25
163690,8
163744,3
163751,8
163754,3
163759,3
163761,3
163776,3
163804,22
163821,8
163824,8
163851,24
163871,8
163875,8
163876,9
163897,8
163912,8
163914,8
163973,26
164009,8
164025,8
164027,12
164036,8
164061,3
164076,8
164096,0
164105,24
164110,8
164140,10
164150,8
164176,8
164252,3
164301,3
164307,8
164323,26
164348,8
164370,8
164378,8
164413,8
164418,3
164442,8
164465,3
164480,10
164488,8
164492,3
164513,8
164518,0
164519,8
164533,6
164549,20
164561,8
164578,8
164581,20
164583,3
164584,20
164675,10
164696,8
164706,8
164728,13
164762,8
164775,3
164777,3
164799,8
164828,29
164847,3
164863,8
164870,10
164905,8
164918,8
164926,27
164944,8
164955,8
164956,25
164965,8
164968,8
165017,10
165073,8
165150,8
165182,8
165183,7
165198,8
165232,3
165253,10
165267,3
165268,18
165298,8
165308,16
165314,8
165316,8
165319,28
165345,14
165392,15
165420,8
165425,3
165435,8
165444,8
165452,8
165457,8
165499,8
165503,8
165507,8
165512,0
165516,0
165549,8
165558,8
165576,8
165582,1
165609,8
165618,3
165619,8
165654,8
165669,3
165697,10
165728,8
165743,8
165758,28
165759,8
165763,10
165769,24
165781,8
165788,8
165806,3
165811,8
165838,9
165840,8
165866,24
165879,6
165884,18
165889,8
165914,3
165932,3
165977,8
165987,3
166017,8
166030,3
166055,8
166123,11
166130,5
166141,8
166174,8
166220,8
166257,8
166287,3
166291,3
166327,27
166363,8
166383,8
166390,8
166391,18
166409,0
166412,8
166460,8
166492,3
166540,8
166546,3
166569,8
166581,3
166596,24
166630,8
166639,0
166646,10
166719,3
166753,3
166758,10
166761,8
166767,3
166772,8
166815,8
166824,3
166825,21
166828,10
166830,3
166867,8
166891,0
166892,3
166904,8
166918,8
166922,14
167038,10
167052,8
167056,3
167131,8
167147,8
167166,8
167176,3
167189,0
167223,0
167272,3
167300,8
167326,8
167327,21
167349,0
167375,14
167389,10
167403,8
167418,8
167436,21
167438,8
167442,8
167443,8
167471,21
167478,3
167482,8
167484,8
167492,8
167494,0
167507,8
167515,8
167517,21
167521,6
167556,0
167562,9
167587,21
167592,8
167600,8
167611,24
167614,2
167625,27
167644,0
167670,8
167675,8
167678,7
167715,3
167722,3
167746,20
167750,6
167759,8
167761,14
167768,8
167782,8
167790,8
167794,8
167800,0
167812,21
167813,8
167844,3
167865,10
167892,8
167906,8
167925,10
167944,8
167945,8
167998,8
168002,8
168004,8
168008,3
168016,3
168029,3
168034,0
168036,6
168047,7
168064,25
168082,8
168092,3
168098,8
168102,10
168103,8
168106,8
168129,8
168132,8
168133,24
168139,10
168144,23
168212,8
168216,3
168245,29
168254,15
168275,6
168307,1
168332,8
168336,8
168337,8
168338,8
168346,8
168387,0
168388,18
168402,8
168408,6
168413,21
168438,8
168456,3
168464,3
168478,8
168487,3
168500,10
168545,21
168563,8
168573,10
168615,8
168622,3
168636,3
168639,8
168642,25
168646,3
168677,8
168714,8
168719,3
168736,21
168763,10
168793,8
168802,13
168804,19
168805,3
168813,10
168815,8
168816,21
168841,8
168877,8
168888,8
168900,8
168952,8
168954,20
168971,0
168974,3
168985,8
168999,10
169006,3
169017,8
169027,8
169043,3
169054,6
169057,22
169076,3
169101,8
169111,8
169130,10
169181,3
169192,27
169223,8
169233,10
169243,3
169249,5
169255,8
169282,8
169298,8
169309,3
169310,10
169357,3
169360,14
169371,8
169380,8
169400,3
169403,8
169438,3
169450,8
169465,18
169476,8
169492,10
169496,20
169517,8
169534,8
169558,8
169563,3
169585,8
169600,27
169615,8
169626,8
169634,10
169655,3
169663,20
169677,3
169681,8
169682,5
169699,9
169735,7
169754,20
169755,8
169770,25
169779,26
169781,20
169784,8
169824,6
169827,3
169859,8
169860,8
169877,8
169880,8
169911,8
169934,8
169957,8
169964,8
169979,8
170012,3
170054,3
170064,8
170073,18
170077,0
170092,8
170118,0
170128,8
170154,10
170155,8
170164,8
170181,8
170184,10
170192,10
170208,8
170212,8
170227,3
170229,8
170236,8
170255,25
170256,0
170257,8
170260,8
170264,21
170310,0
170314,8
170317,0
170319,8
170346,8
170368,8
170372,25
170379,3
170385,8
170401,24
170415,21
170424,8
170434,8
170441,8
170449,8
170469,8
170479,8
170493,15
170499,20
170509,3
170513,5
170518,3
170519,8
170522,3
170527,3
170545,8
170558,8
170564,8
170567,8
170568,3
170572,8
170575,3
170595,3
170610,3
170612,8
170634,27
170675,23
170676,8
170691,3
170693,3
170699,8
170701,8
170702,8
170721,8
170722,3
170724,0
170732,8
170742,3
170759,8
170762,26
170767,8
170771,8
170786,8
170791,8
170792,12
170804,8
170805,8
170810,0
170837,8
170845,15
170850,20
170861,20
170866,15
170869,25
170947,18
170966,3
170982,8
170997,3
171003,3
171005,8
171007,3
171011,5
171015,8
171020,8
171031,8
171045,3
171049,8
171050,18
171055,10
171065,3
171076,8
171078,3
171079,18
171082,3
171088,3
171090,8
171118,11
171130,13
171133,8
171134,8
171157,3
171165,3
171206,8
171235,8
171251,8
171271,8
171295,11
171346,8
171359,3
171382,8
171384,8
171389,8
171435,3
171441,8
171444,3
171445,7
171506,3
171555,3
171569,8
171570,8
171594,8
171602,0
171604,8
171623,8
171638,20
171648,10
171703,8
171728,3
171758,6
171765,0
171774,3
171783,3
171795,8
171818,6
171840,8
171846,8
171904,3
171940,8
171942,8
171958,8
171959,8
171968,21
171970,14
171972,8
171986,3
171999,10
172010,2
172023,8
172030,0
172048,3
172058,8
172061,9
172091,3
172101,8
172115,3
172119,0
172122,8
172128,3
172150,8
172186,8
172192,0
172203,10
172215,14
172216,0
172233,8
172234,8
172245,8
172293,10
172326,8
172331,3
172367,3
172370,3
172371,8
172374,25
172377,8
172406,3
172422,8
172462,3
172486,8
172512,5
172533,8
172539,13
172588,8
172613,10
172634,8
172636,8
172676,29
172700,3
172713,8
172723,8
172742,24
172760,6
172783,18
172803,8
172837,8
172840,8
172852,8
172865,8
172888,8
172944,8
172952,8
172962,8
173006,8
173018,3
173053,8
173090,6
173109,3
173111,12
173122,9
173131,6
173190,3
173216,8
173225,3
173253,8
173291,6
173298,8
173300,8
173301,3
173311,0
173343,11
173357,8
173410,8
173415,5
173464,8
173481,18
173486,0
173509,8
173511,3
173517,14
173632,8
173650,3
173652,8
173657,8
173659,8
173679,6
173684,6
173728,10
173743,21
173769,8
173773,6
173797,8
173835,3
173850,8
173852,8
173856,8
173860,24
173875,8
173879,8
173881,25
173888,8
173906,8
173930,8
173951,10
173966,8
173969,8
173982,8
173999,8
174004,14
174034,3
174038,8
174045,8
174062,8
174066,8
174072,15
174081,8
174092,21
174131,8
174138,10
174140,8
174142,21
174143,3
174151,17
174179,12
174195,6
174207,8
174216,10
174253,8
174256,8
174282,3
174304,20
174307,8
174322,13
174326,24
174334,8
174362,8
174367,18
174375,0
174376,8
174388,3
174428,14
174437,8
174477,8
174501,14
174503,6
174509,21
174534,3
174538,8
174568,3
174590,9
174594,0
174596,14
174601,8
174610,8
174615,3
174625,8
174633,10
174638,3
174642,8
174683,8
174685,8
174692,8
174700,21
174714,8
174723,10
174726,18
174738,3
174791,8
174793,3
174827,3
174830,26
174834,18
174848,12
174861,8
174872,8
174890,8
174892,18
174897,8
174911,3
174914,6
174916,8
174918,25
174962,8
174986,8
174987,0
175000,2
175003,27
175052,27
175062,3
175070,0
175100,0
175101,3
175117,10
175123,3
175141,3
175145,3
175149,3
175168,8
175175,0
175185,19
175189,8
175205,3
175223,8
175249,8
175254,11
175257,24
175271,0
175278,3
175283,25
175284,3
175287,0
175304,0
175312,8
175329,8
175331,8
175367,8
175399,3
175485,3
175493,8
175510,8
175517,3
175529,23
175536,3
175540,8
175559,8
175576,3
175636,5
175647,8
175752,8
175754,0
175759,8
175794,3
175796,10
175805,19
175822,8
175828,8
175873,8
175874,3
175886,3
175892,3
175978,2
176005,3
176010,8
176037,8
176062,8
176075,3
176094,0
176099,8
176100,8
176102,10
176105,8
176110,8
176114,3
176170,3
176196,8
176214,3
176230,8
176236,8
176256,1
176280,8
176293,8
176348,21
176367,8
176388,8
176417,8
176444,8
176459,14
176477,8
176481,10
176486,8
176509,8
176526,8
176545,8
176576,24
176577,13
176597,10
176624,10
176625,8
176637,8
176656,21
176658,8
176667,3
176668,8
176693,8
176709,8
176716,3
176736,8
176761,8
176785,0
176790,8
176804,8
176838,8
176839,8
176875,0
176879,10
176883,8
176887,7
176894,3
176902,7
176903,10
176916,20
176918,8
176944,8
176953,8
176978,8
177015,8
177021,6
177034,8
177040,18
177050,8
177072,17
177073,3
177082,8
177090,4
177091,0
177108,8
177113,1
177114,8
177128,8
177157,25
177180,8
177186,3
177195,6
177209,8
177233,1
177237,3
177262,8
177277,3
177284,9
177295,10
177330,8
177349,3
177363,8
177373,8
177374,4
177375,5
177386,8
177405,8
177432,28
177435,8
177451,0
177458,22
177459,3
177492,3
177506,8
177531,25
177534,8
177556,8
177569,3
177573,8
177590,17
177630,8
177638,3
177660,19
177673,8
177683,3
177688,8
177690,20
177703,8
177716,8
177794,8
177842,8
177861,8
177862,3
177870,8
177876,3
177879,3
177932,8
177934,8
177949,8
177968,8
177977,8
178032,25
178035,18
178056,6
178058,3
178065,14
178069,0
178079,0
178093,3
178130,3
178144,0
178151,10
178181,3
178195,8
178199,7
178201,23
178223,12
178229,8
178240,2
178265,8
178269,8
178322,10
178338,8
178339,8
178356,3
178458,3
178471,8
178478,8
178485,8
178522,26
178534,8
178570,8
178587,3
178597,8
178666,3
178667,7
178701,8
178733,3
178768,8
178797,10
178839,3
178880,3
178890,3
178905,8
178914,3
178919,8
178920,14
178950,8
178961,3
179019,25
179030,3
179068,18
179075,1
179118,10
179144,8
179147,10
179184,8
179216,8
179264,8
179288,24
179290,8
179291,8
179321,10
179327,14
179383,3
179387,8
179408,8
179414,14
179433,22
179444,8
179501,0
179532,14
179534,10
179553,3
179576,3
179591,15
179624,8
179641,8
179648,8
179659,8
179688,25
179718,22
179730,27
179733,0
179734,27
179739,3
179741,20
179744,18
179772,20
179791,10
179797,3
179799,8
179812,8
179826,21
179843,10
179853,8
179857,10
179859,8
179885,0
179904,3
179906,10
179915,8
179931,8
179939,8
179955,8
179978,27
179986,8
180002,3
180032,8
180042,21
180120,8
180146,8
180164,8
180169,8
180180,8
180280,8
180297,8
180305,8
180348,20
180376,8
180378,3
180383,3
180407,8
180415,3
180436,8
180441,8
180482,8
180495,3
180509,8
180522,8
180549,8
180558,8
180569,8
180571,8
180580,3
180586,0
180591,5
180651,21
180658,3
180707,8
180722,8
180727,8
180733,5
180754,8
180779,8
180801,3
180802,8
180815,8
180840,3
180845,8
180859,8
180860,3
180865,3
180917,27
180925,6
180942,8
180957,0
180958,6
180960,8
180975,8
180981,8
180989,8
181011,8
181023,8
181076,3
181077,20
181084,14
181103,3
181120,8
181165,10
181176,27
181201,8
181212,3
181223,14
181233,8
181238,8
181254,8
181255,8
181309,8
181316,3
181411,3
181436,3
181443,10
181452,11
181473,1
181476,8
181496,8
181532,8
181598,8
181666,8
181681,8
181683,8
181687,12
181691,3
181714,3
181736,23
181777,8
181796,4
181830,8
181854,8
181856,8
181870,3
181879,8
181896,3
181944,19
181948,3
181952,8
181956,10
181984,8
181989,8
181995,6
181997,8
182025,8
182053,2
182085,7
182086,29
182088,3
182101,0
182117,15
182154,10
182157,8
182164,8
182180,25
182183,8
182184,8
182202,5
182208,8
182212,8
182229,8
182275,3
182306,8
182334,14
182345,8
182367,8
182382,8
182393,8
182403,3
182414,3
182423,8
182425,8
182429,8
182442,25
182459,11
182506,7
182527,19
182551,10
182552,8
182577,8
182599,18
182642,8
182675,8
182700,8
182727,8
182746,18
182781,3
182819,8
182829,3
182838,11
182847,27
182881,8
182931,8
182969,7
182987,8
182993,15
182994,8
183006,8
183015,3
183025,8
183046,24
183061,5
183088,27
183091,8
183101,25
183103,3
183131,19
183132,8
183134,3
183138,8
183141,8
183142,2
183146,8
183171,8
183178,10
183187,18
183196,28
183200,8
183213,8
183248,8
183257,8
183277,10
183284,5
183287,8
183340,8
183347,0
183371,8
183436,8
183446,8
183460,8
183476,3
183524,6
183532,8
183537,3
183540,9
183541,8
183566,8
183572,21
183597,12
183665,8
183722,8
183725,10
183730,8
183739,8
183740,0
183753,20
183776,8
183800,8
183801,8
183823,8
183883,0
183923,8
183931,8
183952,0
183958,8
183959,8
183963,1
183985,10
183995,12
184011,8
184089,10
184103,3
184121,7
184124,8
184132,8
184190,8
184195,8
184196,22
184202,3
184265,8
184266,8
184270,8
184272,8
184279,6
184292,8
184299,28
184305,3
184310,3
184319,8
184348,8
184354,0
184360,24
184365,0
184386,8
184401,13
184402,8
184424,7
184435,6
184465,3
184473,8
184479,0
184483,24
184493,8
184496,8
184513,18
184532,5
184547,3
184562,18
184573,8
184629,0
184632,3
184639,8
184661,8
184684,11
184699,8
184777,8
184789,21
184845,6
184860,8
184864,8
184871,3
184885,8
184890,3
184891,8
184904,2
184918,0
184930,8
184985,8
184990,8
185011,3
185071,3
185087,10
185119,8
185123,8
185140,6
185147,10
185154,3
185163,10
185176,27
185233,2
185244,8
185248,8
185249,8
185252,25
185254,4
185258,8
185275,7
185287,8
185288,0
185296,3
185308,3
185313,6
185351,8
185358,8
185377,3
185384,13
185390,12
185402,8
185408,8
185416,8
185441,8
185448,3
185450,18
185452,8
185467,20
185468,21
185472,8
185473,8
185477,8
185497,0
185514,10
185519,8
185521,3
185528,8
185538,8
185552,8
185580,8
185608,8
185634,18
185652,8
185653,8
185664,8
185671,6
185677,6
185683,8
185722,1
185731,8
185752,8
185771,3
185788,8
185795,8
185942,8
185990,8
186003,8
186032,0
186039,8
186041,8
186046,8
186103,8
186115,8
186238,3
186293,8
186312,3
186334,3
186362,3
186446,7
186457,8
186527,10
186533,2
186547,10
186570,21
186591,8
186593,8
186601,8
186623,8
186628,8
186678,10
186685,8
186697,8
186699,8
186719,8
186728,8
186736,8
186761,8
186762,6
186768,8
186784,0
186807,2
186811,8
186821,8
186824,8
186831,8
186832,27
186837,18
186848,10
186850,8
186890,14
186899,0
186905,8
186969,3
187029,18
187031,3
187043,25
187065,22
187103,8
187108,8
187145,11
187155,9
187163,8
187170,8
187172,3
187232,8
187235,8
187239,8
187244,9
187245,3
187256,7
187260,8
187266,3
187273,8
187290,8
187333,8
187378,8
187397,8
187409,8
187410,10
187425,3
187463,0
187487,8
187517,24
187520,0
187536,8
187574,7
187584,14
187598,8
187606,8
187613,9
187621,3
187624,26
187626,8
187731,8
187747,15
187752,27
187761,11
187762,28
187763,3
187801,18
187805,8
187810,8
187822,6
187830,0
187835,23
187844,8
187863,9
187871,8
187904,13
187918,15
187921,8
187922,25
187931,8
187932,8
187948,8
187954,8
187970,8
187972,8
187981,10
187989,9
187990,22
187994,8
188010,2
188022,18
188027,0
188038,3
188064,8
188084,8
188106,3
188132,8
188155,8
188162,8
188171,0
188178,14
188253,8
188273,22
188280,3
188295,8
188369,8
188379,3
188389,8
188396,9
188411,8
188421,3
188478,8
188483,14
188484,8
188490,7
188511,3
188513,14
188518,0
188529,8
188558,3
188583,6
188589,19
188593,0
188598,8
188656,8
188658,8
188659,14
188668,8
188676,10
188689,8
188696,21
188772,8
188788,8
188793,8
188796,8
188799,27
188809,8
188877,8
188878,3
188912,8
188951,25
189005,1
189066,25
189080,6
189100,8
189104,4
189115,2
189120,8
189139,0
189151,3
189190,8
189207,8
189227,8
189235,3
189286,3
189312,8
189320,2
189334,10
189337,8
189392,25
189403,0
189428,8
189457,6
189463,8
189474,25
189516,4
189526,8
189536,6
189541,3
189558,26
189565,3
189569,8
189631,12
189632,3
189655,10
189665,8
189666,3
189678,3
189686,8
189688,8
189691,8
189722,8
189725,8
189733,8
189747,18
189750,8
189782,8
189789,8
189813,8
189835,16
189844,8
189847,8
189848,8
189855,14
189973,24
190033,8
190054,8
190056,8
190074,8
190080,0
190082,8
190085,3
190134,8
190147,8
190161,8
190169,8
190185,3
190220,8
190265,8
190271,8
190289,0
190292,8
190298,8
190309,8
190318,21
190335,8
190347,8
190350,8
190374,24
190409,3
190422,8
190448,27
190459,21
190462,8
190467,8
190479,21
190480,3
190492,8
190521,21
190523,8
190531,0
190533,3
190627,8
190630,8
190688,8
190708,12
190709,8
190741,10
190789,3
190791,3
190806,3
190807,3
190808,10
190814,3
190818,8
190831,9
190844,0
190885,10
190917,13
190923,18
190925,16
190939,9
190955,8
190997,8
191009,8
191014,10
191020,8
191049,10
191072,6
191093,3
191126,6
191165,9
191166,3
191187,8
191188,0
191214,8
191247,8
191260,3
191428,3
191430,8
191452,8
191505,8
191506,8
191508,8
191521,8
191523,3
191524,8
191548,3
191560,3
191575,3
191578,8
191587,8
191589,8
191610,0
191638,10
191671,3
191685,3
191694,19
191707,8
191716,12
191720,3
191724,18
191740,8
191756,8
191761,21
191775,3
191795,0
191803,3
191807,3
191819,8
191841,3
191855,8
191865,8
191875,3
191881,14
191883,9
191885,8
191913,3
191915,8
191968,8
192007,8
192037,8
192038,8
192042,8
192068,8
192083,6
192093,21
192095,14
192101,8
192119,14
192121,8
192135,8
192155,8
192158,9
192172,8
192176,3
192182,8
192185,3
192191,18
192199,8
192203,3
192211,15
192215,8
192230,8
192244,14
192245,24
192257,8
192277,8
192308,8
192353,19
192354,8
192387,8
192413,8
192428,18
192453,8
192460,3
192462,3
192476,8
192479,10
192492,6
192514,8
192544,8
192660,8
192665,3
192692,3
192705,3
192710,25
192727,25
192733,10
192739,8
192765,3
192806,8
192844,3
192895,8
192906,8
192914,3
192960,8
192979,3
193017,6
193063,8
193106,7
193131,3
193148,8
193156,8
193168,8
193220,8
193248,6
193294,0
193327,8
193335,3
193336,18
193337,3
193338,8
193344,20
193350,3
193352,8
193412,25
193428,3
193448,8
193458,7
193469,11
193470,0
193482,8
193498,8
193499,24
193500,8
193502,3
193529,18
193533,8
193549,8
193560,3
193584,3
193610,3
193612,15
193615,8
193642,8
193661,8
193664,8
193676,5
193680,20
193696,8
193716,23
193723,25
193734,8
193738,3
193740,3
193744,8
193746,8
193750,0
193759,8
193768,3
193769,24
193778,26
193786,3
193798,2
193817,8
193819,3
193824,8
193867,8
193898,26
193904,8
193938,8
193966,3
194027,3
194129,8
194146,8
194172,10
194202,18
194205,3
194229,8
194243,0
194273,13
194287,2
194296,8
194358,8
194454,8
194457,8
194463,8
194500,8
194514,15
194519,6
194525,8
194534,5
194539,8
194543,3
194556,3
194600,21
194605,3
194614,27
194636,3
194637,8
194639,8
194646,8
194669,20
194676,4
194699,6
194706,8
194722,8
194735,3
194739,10
194799,3
194803,10
194823,8
194864,8
194877,20
194929,8
194957,8
194964,8
194974,8
194992,3
195008,13
195016,8
195033,8
195034,3
195041,3
195049,3
195057,3
195060,8
195064,0
195079,6
195085,8
195100,10
195101,9
195102,8
195116,3
195123,27
195124,8
195128,8
195182,22
195188,8
195198,5
195247,8
195304,8
195326,8
195372,8
195374,27
195386,18
195416,3
195441,8
195455,8
195469,25
195488,10
195548,8
195572,8
195583,10
195660,8
195694,15
195714,8
195716,8
195770,10
195880,8
195904,7
195940,8
195943,3
195965,3
196006,8
196018,0
196024,8
196031,23
196047,13
196050,10
196052,20
196053,6
196055,8
196077,16
196085,3
196099,0
196106,3
196108,3
196113,8
196129,8
196137,3
196146,0
196148,3
196149,0
196160,11
196178,8
196187,10
196191,6
196204,8
196225,8
196228,7
196253,9
196261,8
196282,18
196298,8
196317,14
196423,8
196441,14
196443,8
196457,8
196465,8
196466,21
196468,3
196475,7
196477,3
196492,8
196493,3
196502,0
196527,8
196546,8
196553,3
196598,3
196620,8
196621,23
196656,8
196658,8
196702,8
196709,8
196723,0
196728,8
196738,5
196773,0
196775,25
196812,3
196821,3
196857,8
196858,0
196859,8
196886,18
196891,10
196898,8
196915,8
196930,8
196985,3
197000,3
197012,3
197124,8
197130,8
197189,8
197206,15
197293,19
197342,8
197364,2
197405,0
197410,0
197416,8
197424,17
197425,8
197464,8
197502,10
197505,8
197533,8
197548,8
197550,3
197609,8
197659,18
197664,3
197687,6
197688,3
197693,8
197727,0
197728,8
197763,8
197775,0
197794,8
197828,6
197866,8
197882,8
197913,3
197939,0
197942,10
197961,3
197997,3
198011,13
198012,0
198045,3
198046,21
198055,8
198061,8
198114,0
198139,8
198177,6
198213,15
198214,3
198216,3
198243,8
198290,8
198302,10
198303,0
198304,8
198306,8
198331,8
198355,3
198389,3
198412,0
198483,0
198487,8
198491,8
198506,3
198507,23
198515,8
198547,8
198557,25
198564,3
198597,8
198609,8
198612,8
198621,8
198625,0
198692,3
198699,8
198710,8
198711,8
198726,14
198727,8
198755,8
198760,8
198767,18
198776,3
198781,20
198782,8
198784,8
198790,8
198840,6
198842,8
198887,8
198930,19
198937,8
198960,8
198969,8
198982,8
198983,19
198996,7
199016,18
199025,18
199030,8
199041,7
199075,8
199088,8
199092,25
199095,13
199167,8
199175,8
199178,10
199180,8
199209,20
199219,1
199333,8
199336,8
199353,8
199357,8
199359,14
199365,3
199378,8
199384,8
199390,0
199416,10
199431,8
199442,8
199491,8
199492,8
199494,8
199510,8
199515,2
199562,8
199565,8
199566,8
199572,8
199590,8
199627,8
199640,8
199764,3
199772,0
199795,8
199800,10
199809,8
199841,8
199857,3
199864,8
199871,10
199898,8
199901,3
199928,8
199966,3
199981,10
200009,3
200011,8
200093,8
200196,3
200206,10
200213,14
200226,4
200234,3
200238,8
200245,0
200246,3
200248,0
200252,3
200300,3
200315,8
200323,3
200382,3
200394,8
200402,0
200408,8
200409,8
200422,0
200493,23
200508,15
200556,20
200557,23
200568,8
200583,8
200585,8
200590,14
200607,15
200618,8
200631,8
200643,10
200650,8
200653,8
200667,8
200674,18
200679,8
200772,10
200794,8
200814,8
200832,8
200876,8
200891,3
200918,8
200978,25
200993,8
201017,14
201036,14
201042,6
201058,18
201066,8
201073,8
201107,8
201128,8
201141,25
201154,8
201290,27
201303,8
201323,6
201349,3
201353,8
201359,3
201383,13
201404,3
201427,8
201445,15
201447,0
201470,8
201475,14
201519,8
201521,3
201526,11
201537,8
201548,8
201557,0
201575,8
201576,3
201579,8
201593,10
201598,8
201634,8
201636,8
201641,7
201654,8
201657,8
201673,8
201674,22
201677,20
201684,22
201697,25
201701,8
201714,3
201724,6
201725,20
201751,8
201760,10
201763,8
201768,2
201776,18
201778,8
201783,27
201792,3
201794,8
201806,8
201810,8
201829,15
201847,8
201869,8
201870,10
201898,8
201908,3
201923,10
201926,8
201969,18
202000,0
202016,8
202025,8
202035,8
202036,3
202040,8
202046,8
202058,0
202061,8
202063,0
202069,8
202073,8
202080,8
202095,8
202127,25
202147,18
202162,10
202173,20
202174,10
202182,8
202195,3
202205,8
202212,3
202213,10
202246,8
202254,8
202257,8
202260,8
202267,8
202269,8
202277,23
202300,3
202324,19
202346,24
202353,10
202358,8
202381,3
202407,8
202430,8
202447,8
202462,18
202501,8
202528,8
202532,3
202553,8
202564,8
202652,8
202654,8
202670,8
202688,8
202706,3
202711,0
202738,3
202742,8
202764,8
202783,6
202821,3
202834,8
202885,3
202918,8
202919,0
202942,20
202960,8
202963,0
203017,21
203031,8
203033,25
203044,21
203058,8
203075,27
203161,2
203195,3
203213,19
203240,7
203280,25
203369,8
203379,8
203380,0
203382,8
203392,9
203401,3
203422,18
203425,3
203441,0
203502,8
203506,10
203523,2
203531,3
203533,8
203542,8
203566,3
203583,8
203598,13
203603,6
203618,10
203621,0
203642,8
203649,14
203651,8
203710,8
203742,10
203764,26
203799,18
203805,3
203820,8
203827,8
203844,10
203877,8
203897,8
203900,6
203910,1
203918,10
203935,8
203968,8
203973,14
203981,8
204011,10
204040,3
204044,8
204087,8
204090,8
204115,8
204117,3
204141,8
204167,8
204179,8
204205,8
204255,15
204285,8
204311,3
204316,8
204333,0
204359,0
204363,3
204366,8
204391,8
204393,17
204414,8
204448,10
204455,3
204457,22
204458,8
204470,10
204474,14
204504,27
204507,8
204522,8
204533,8
204571,3
204591,18
204592,8
204619,3
204622,20
204634,8
204652,3
204660,21
204663,8
204669,8
204672,8
204676,6
204678,8
204692,8
204696,10
204698,9
204748,3
204782,8
204790,3
204794,8
204802,8
204804,3
204813,20
204822,17
204825,8
204844,13
204854,8
204864,16
204909,10
204929,0
204936,7
204946,8
204964,0
204972,8
204978,6
204993,8
205037,8
205038,24
205059,8
205072,3
205080,8
205085,15
205145,14
205166,20
205179,8
205188,8
205196,8
205197,6
205202,8
205222,8
205226,3
205281,1
205285,12
205353,8
205355,0
205356,3
205360,8
205383,0
205389,8
205426,3
205448,8
205473,22
205474,8
205483,8
205487,10
205502,8
205505,8
205508,8
205517,0
205520,10
205536,8
205538,3
205554,6
205608,3
205632,8
205634,8
205648,8
205708,3
205728,3
205735,5
205745,8
205765,0
205783,8
205784,8
205804,8
205843,10
205849,8
205867,3
205871,8
205878,9
205904,8
205909,0
205919,2
205922,3
205938,8
205943,8
205963,20
205967,3
205969,8
205979,8
205980,14
205989,15
205992,3
205999,8
206013,8
206016,28
206026,8
206042,8
206045,8
206058,2
206074,10
206107,25
206109,2
206160,3
206171,8
206177,8
206179,8
206187,8
206202,6
206204,8
206217,8
206219,18
206249,3
206272,3
206300,8
206301,8
206305,16
206306,3
206335,3
206375,0
206393,8
206415,8
206418,2
206421,8
206423,18
206438,27
206441,8
206531,8
206534,15
206563,26
206567,15
206570,3
206573,8
206583,8
206610,3
206635,3
206652,8
206657,24
206675,3
206691,6
206693,8
206695,8
206701,8
206709,0
206736,8
206755,8
206764,3
206775,8
206835,8
206836,8
206865,8
206877,0
206891,3
206903,10
206932,8
206944,19
206959,10
206967,8
206972,8
206979,25
207003,8
207019,8
207095,10
207134,12
207148,1
207152,8
207180,8
207192,3
207246,11
207251,8
207259,18
207275,25
207291,20
207300,15
207304,8
207323,8
207339,21
207340,8
207341,18
207349,4
207356,8
207385,3
207411,8
207417,8
207450,8
207488,8
207494,11
207498,8
207499,26
207563,3
207569,3
207570,8
207573,3
207598,8
207616,0
207623,8
207636,8
207641,8
207651,3
207667,3
207669,8
207686,2
207702,10
207721,10
207727,15
207748,8
207782,14
207825,0
207835,13
207860,3
207873,6
207924,3
207926,3
207936,8
207958,8
207965,10
207967,8
207971,18
208009,8
208018,3
208019,3
208040,8
208058,8
208059,8
208064,3
208077,0
208095,0
208099,8
208112,3
208141,27
208147,22
208161,8
208236,3
208251,0
208302,8
208336,8
208339,15
208347,8
208352,8
208367,8
208376,3
208378,18
208382,3
208390,3
208393,8
208406,5
208410,8
208415,21
208429,8
208451,17
208468,3
208481,3
208492,3
208502,8
208506,3
208508,8
208540,8
208555,3
208556,3
208566,8
208568,3
208570,8
208583,8
208584,21
208591,3
208600,10
208605,10
208620,3
208622,8
208624,6
208633,8
208641,8
208645,21
208648,0
208663,8
208665,3
208668,9
208671,17
208674,8
208683,7
208684,8
208697,8
208700,0
208715,14
208741,10
208751,7
208755,8
208756,8
208786,3
208788,6
208795,8
208815,17
208829,15
208861,8
208867,8
208877,3
208897,18
208907,14
208936,3
208960,21
208969,8
208994,8
209023,8
209050,8
209059,10
209085,3
209147,6
209148,8
209151,8
209154,8
209155,8
209156,10
209160,25
209163,3
209168,8
209174,24
209186,10
209195,8
209204,0
209220,8
209224,7
209229,14
209238,4
209257,8
209262,8
209265,8
209272,0
209313,3
209317,8
209339,8
209371,3
209373,20
209375,0
209385,8
209389,8
209394,10
209458,15
209464,2
209477,8
209486,11
209516,25
209527,8
209536,10
209548,24
209559,8
209563,3
209625,0
209631,6
209657,8
209684,0
209685,25
209697,6
209742,8
209756,25
209765,8
209817,27
209830,1
209833,3
209870,8
209875,0
209907,8
209929,8
209932,3
209959,8
209962,8
209974,13
209985,3
210006,8
210010,8
210028,8
210035,10
210077,3
210097,10
210168,6
210174,25
210223,3
210261,3
210273,8
210276,8
210299,8
210311,8
210312,8
210315,0
210317,10
210324,8
210330,8
210346,3
210420,3
210442,8
210481,8
210485,23
210493,25
210496,8
210535,3
210573,13
210587,21
210597,12
210599,3
210627,6
210685,3
210706,6
210711,8
210717,18
210722,8
210738,6
210772,3
210791,0
210792,8
210816,3
210817,8
210822,27
210838,3
210855,8
210874,7
210896,8
210912,8
210921,0
210923,3
210926,3
210945,8
210959,21
210969,8
211028,8
211032,8
211041,18
211043,8
211098,22
211117,3
211137,8
211145,8
211152,25
211174,8
211176,5
211212,8
211231,20
211242,8
211255,8
211264,3
211288,0
211303,10
211307,8
211314,8
211344,6
211351,0
211353,8
211360,3
211368,8
211373,8
211378,8
211426,2
211430,9
211460,3
211603,8
211607,8
211610,8
211640,8
211713,8
211720,3
211733,8
211767,8
211770,25
211847,8
211919,24
211922,8
211929,8
211937,2
211944,13
211961,9
211971,8
211976,8
211979,8
211997,8
212002,8
212009,15
212027,8
212057,0
212075,3
212088,5
212109,14
212124,8
212130,3
212138,8
212142,23
212181,8
212216,3
212226,8
212240,8
212252,10
212260,12
212275,8
212328,9
212350,8
212357,3
212385,0
212411,3
212413,8
212416,8
212427,3
212439,3
212467,1
212497,6
212568,3
212578,8
212591,8
212607,3
212628,6
212631,3
212636,8
212640,8
212645,3
212697,3
212740,3
212752,8
212775,9
212789,19
212797,5
212798,8
212802,8
212804,3
212806,8
212835,8
212847,8
212849,10
212853,20
212859,3
212888,8
212891,8
212895,8
212898,8
212915,8
212923,15
212965,4
212983,8
212984,8
212986,8
212991,3
213064,26
213066,3
213079,3
213090,8
213094,3
213098,8
213109,8
213111,8
213113,8
213119,6
213126,23
213132,8
213141,6
213150,18
213191,6
213197,3
213202,3
213207,8
213255,9
213312,12
213316,10
213318,8
213324,8
213350,8
213410,3
213426,8
213491,8
213494,8
213518,8
213523,3
213531,4
213598,7
213612,8
213625,3
213628,27
213638,5
213641,21
213657,8
213661,8
213663,8
213664,18
213684,8
213703,8
213707,8
213708,20
213760,23
213831,8
213839,3
213845,8
213851,3
213873,13
213915,8
213919,8
213941,8
213953,3
213972,3
213989,8
213998,3
214042,3
214102,8
214118,8
214138,18
214202,8
214212,3
214213,8
214218,8
214230,8
214234,5
214244,8
214272,10
214315,0
214348,3
214389,8
214436,3
214443,8
214459,8
214528,8
214581,8
214583,3
214631,8
214641,0
214651,8
214654,3
214657,8
214673,8
214686,3
214714,8
214717,8
214755,8
214786,26
214807,8
214821,8
214851,8
214854,8
214876,3
214879,24
214890,8
214903,8
214920,3
214990,8
215004,8
215006,20
215024,8
215040,8
215071,14
215078,8
215104,8
215136,8
215139,4
215143,8
215148,0
215180,24
215225,8
215226,8
215256,13
215278,3
215298,3
215304,8
215357,8
215359,15
215371,3
215375,14
215388,18
215413,8
215421,23
215448,8
215498,8
215512,6
215529,8
215543,8
215545,8
215548,8
215562,8
215588,8
215607,11
215609,3
215622,8
215627,23
215658,8
215677,8
215683,8
215693,3
215709,3
215721,8
215728,3
215739,8
215745,8
215749,8
215753,20
215772,8
215787,8
215801,8
215821,8
215829,6
215832,8
215942,6
215947,8
215953,8
215980,8
215986,27
215988,24
216012,4
216019,20
216023,8
216027,3
216057,10
216059,8
216071,8
216099,0
216100,10
216110,8
216151,0
216155,8
216188,1
216202,8
216211,8
216219,8
216249,8
216260,3
216294,8
216302,3
216306,8
216321,8
216329,10
216336,3
216345,8
216386,0
216401,8
216435,14
216444,14
216455,8
216466,20
216474,8
216476,8
216495,25
216501,18
216520,8
216557,8
216579,8
216592,8
216602,0
216670,21
216675,8
216679,25
216683,4
216724,3
216745,8
216781,0
216795,8
216829,10
216861,25
216869,8
216877,7
216879,8
216882,10
216925,10
216931,3
216955,8
216961,8
216962,18
216965,8
217012,2
217045,8
217056,0
217089,3
217106,3
217107,0
217117,8
217121,20
217130,8
217134,8
217173,8
217197,8
217211,8
217212,18
217213,8
217223,10
217252,8
217262,8
217271,8
217282,25
217292,8
217313,3
217318,18
217346,8
217359,8
217375,25
217386,8
217444,3
217458,8
217468,21
217491,8
217496,3
217512,3
217513,0
217516,0
217565,8
217566,8
217571,8
217595,8
217617,8
217673,13
217682,8
217701,8
217705,10
217740,14
217763,8
217811,14
217818,7
217895,8
217905,8
217910,8
217934,3
217958,3
217986,2
217989,8
218010,8
218059,8
218068,20
218086,8
218121,6
218160,8
218182,1
218197,8
218221,29
218240,3
218241,10
218249,3
218276,8
218286,18
218290,8
218325,8
218326,8
218344,0
218360,8
218384,8
218403,8
218404,8
218411,6
218430,3
218452,8
218491,8
218514,25
218519,10
218526,3
218552,20
218568,22
218569,8
218608,20
218615,14
218621,8
218636,20
218638,3
218640,10
218676,3
218689,3
218714,8
218721,10
218760,10
218800,8
218831,8
218836,10
218843,8
218844,10
218848,8
218875,15
218930,8
218935,0
218936,3
218976,3
219008,3
219013,27
219035,10
219065,14
219073,8
219132,8
219149,0
219185,8
219200,8
219208,3
219209,6
219219,3
219235,8
219254,18
219259,8
219260,10
219278,24
219280,8
219294,0
219301,20
219321,10
219353,8
219387,8
219420,10
219482,8
219529,8
219546,17
219590,15
219593,21
219597,14
219609,8
219631,14
219671,3
219683,28
219722,8
219726,18
219729,3
219798,8
219813,8
219884,8
219885,3
219887,3
219921,3
219924,15
219925,20
219938,9
219949,7
219951,23
219952,3
219955,8
219974,3
219992,8
220081,8
220091,3
220095,21
220122,24
220158,8
220240,7
220276,8
220278,6
220296,8
220297,8
220301,8
220302,8
220307,3
220314,3
220326,8
220344,8
220370,8
220371,8
220399,3
220435,8
220469,8
220471,8
220479,8
220484,10
220498,8
220503,3
220512,8
220528,8
220564,8
220584,8
220586,10
220597,4
220608,15
220620,8
220621,8
220626,8
220628,8
220635,10
220660,7
220661,3
220664,7
220666,8
220667,8
220688,5
220695,8
220699,8
220717,13
220724,8
220746,8
220753,8
220757,8
220759,3
220829,8
220867,6
220892,2
220911,10
220931,3
220945,3
220958,8
221008,10
221040,10
221050,15
221103,1
221115,8
221117,8
221124,8
221185,8
221186,3
221190,8
221232,27
221235,8
221238,8
221257,8
221262,27
221281,8
221307,8
221309,2
221327,3
221368,8
221370,15
221445,21
221473,8
221495,12
221505,8
221510,3
221524,3
221543,25
221550,3
221557,2
221655,24
221672,8
221681,3
221687,0
221690,10
221691,8
221698,8
221701,3
221705,18
221707,8
221713,3
221726,8
221732,6
221753,3
221777,3
221796,8
221867,10
221870,0
221871,14
221887,8
221903,21
221932,8
221946,8
221948,7
221967,10
221981,3
222018,8
222019,8
222034,1
222035,18
222041,8
222050,0
222110,8
222138,10
222140,8
222150,8
222152,3
222190,8
222204,10
222207,10
222210,14
222217,3
222220,22
222254,8
222280,8
222292,8
222293,8
222296,21
222298,8
222353,15
222363,8
222368,8
222372,2
222391,8
222404,8
222457,8
222488,11
222492,2
222501,3
222506,0
222563,17
222609,8
222614,3
222621,8
222622,8
222638,0
222642,8
222670,8
222677,13
222679,8
222683,3
222688,3
222716,23
222737,0
222743,18
222748,8
222788,8
222819,8
222826,8
222834,0
222836,8
222884,8
222896,8
222906,8
222912,8
222914,8
222918,8
222941,26
222977,8
223034,8
223036,10
223066,8
223078,3
223087,10
223105,8
223129,8
223132,3
223143,8
223154,7
223156,18
223161,3
223164,8
223174,8
223190,2
223191,8
223201,3
223210,10
223211,3
223212,8
223231,0
223238,8
223253,3
223291,10
223292,8
223315,10
223321,8
223325,2
223326,21
223331,18
223347,3
223350,8
223357,8
223375,8
223386,8
223391,8
223402,10
223430,8
223431,0
223438,0
223454,3
223455,3
223461,3
223501,20
223520,8
223526,8
223530,10
223544,0
223554,10
223566,20
223587,3
223607,10
223608,3
223642,3
223644,18
223701,8
223705,8
223714,3
223721,8
223734,8
223768,3
223784,3
223787,20
223814,3
223816,15
223872,3
223879,3
223892,10
223927,8
223942,3
223953,3
223954,10
223958,8
223977,8
223990,8
223992,8
223996,3
223997,8
224000,8
224003,8
224013,8
224085,8
224105,8
224115,8
224121,8
224122,25
224138,5
224146,18
224150,8
224159,6
224183,8
224203,8
224209,10
224217,8
224226,0
224236,21
224241,8
224249,6
224269,8
224289,3
224293,8
224303,27
224308,10
224316,8
224333,8
224340,20
224342,0
224349,16
224360,8
224366,8
224373,8
224393,8
224430,21
224435,0
224439,8
224479,0
224525,5
224564,8
224606,8
224611,8
224612,8
224626,0
224635,8
224646,2
224657,2
224711,8
224754,8
224764,21
224768,6
224809,18
224830,8
224897,8
224904,8
224923,10
224924,3
224927,15
224944,0
224992,8
224997,4
225002,3
225010,3
225065,8
225066,2
225078,11
225087,26
225154,8
225163,8
225177,10
225186,8
225187,8
225191,5
225199,6
225213,8
225232,10
225286,8
225313,8
225343,8
225366,0
225378,10
225379,11
225411,8
225414,8
225435,3
225449,3
225453,8
225542,3
225593,3
225595,20
225610,3
225612,20
225617,18
225634,8
225659,8
225666,0
225683,1
225686,3
225687,8
225690,8
225717,3
225718,8
225731,12
225763,14
225776,8
225788,8
225799,8
225810,21
225815,8
225861,8
225867,8
225886,13
225887,5
225902,9
225903,8
225910,0
225912,3
225935,8
225938,15
225939,3
225962,8
225969,8
225986,18
225989,6
225996,3
226003,8
226006,3
226007,8
226026,8
226031,8
226069,8
226108,8
226109,8
226126,8
226139,8
226184,8
226205,7
226209,8
226220,3
226267,25
226291,8
226297,8
226306,3
226336,6
226341,3
226349,26
226361,8
226362,3
226374,8
226393,0
226394,10
226429,8
226462,3
226482,0
226489,8
226491,14
226517,8
226522,8
226545,18
226548,10
226553,22
226554,10
226556,3
226568,8
226569,8
226616,6
226623,8
226638,8
226654,8
226682,8
226702,3
226713,3
226739,3
226743,10
226745,9
226752,8
226772,12
226809,25
226847,25
226874,10
226879,2
226926,0
226945,8
226965,27
226975,8
226976,3
226987,20
226991,8
226996,8
226998,8
227013,10
227025,0
227054,26
227072,3
227097,21
227126,8
227146,6
227161,8
227176,8
227192,21
227202,8
227208,8
227214,8
227250,3
227275,25
227276,8
227282,6
227292,3
227295,8
227317,8
227327,21
227368,3
227377,0
227392,3
227397,27
227404,8
227413,18
227422,7
227436,8
227438,8
227447,21
227467,15
227517,8
227520,4
227538,8
227544,21
227591,0
227641,0
227654,3
227672,3
227681,21
227686,8
227702,0
227705,26
227721,8
227768,6
227771,3
227814,8
227835,8
227836,15
227851,8
227859,2
227884,21
227886,10
227925,14
227930,8
228008,8
228021,11
228024,8
228064,3
228073,8
228096,8
228108,3
228111,8
228128,3
228154,0
228181,6
228189,6
228190,8
228206,14
228223,10
228245,10
228255,8
228264,8
228268,8
228311,15
228313,6
228321,8
228336,8
228345,8
228351,6
228372,8
228374,3
228382,8
228391,3
228442,8
228445,6
228455,3
228477,21
228508,3
228579,11
228633,8
228641,8
228652,3
228681,13
228684,8
228727,3
228738,20
228764,4
228768,8
228789,25
228856,8
228867,8
228868,20
228880,8
228883,10
228913,3
228947,3
228978,3
228998,6
229011,29
229013,8
229015,8
229041,8
229045,8
229055,8
229064,3
229076,3
229085,8
229091,8
229092,8
229102,10
229140,6
229148,8
229177,3
229192,8
229243,3
229244,8
229255,0
229258,6
229282,8
229283,8
229313,24
229329,21
229331,2
229334,11
229335,8
229340,8
229344,3
229386,8
229405,3
229409,20
229412,0
229417,8
229422,8
229434,8
229444,8
229448,3
229478,8
229497,8
229498,3
229499,0
229501,8
229502,28
229513,8
229551,20
229576,8
229591,8
229632,0
229656,8
229673,8
229681,3
229703,19
229707,8
229714,8
229721,8
229734,8
229741,27
229742,20
229754,8
229757,8
229767,21
229768,27
229816,8
229863,8
229899,10
229912,8
229921,3
229922,18
230013,6
230030,10
230050,8
230052,8
230079,8
230105,3
230115,3
230133,8
230180,0
230241,20
230249,3
230253,3
230259,8
230262,8
230293,12
230317,8
230374,0
230400,3
230402,8
230405,8
230411,3
230413,8
230427,8
230428,3
230446,8
230458,8
230459,0
230460,8
230474,8
230490,8
230496,17
230522,7
230581,3
230599,8
230627,3
230629,3
230635,8
230687,10
230699,2
230708,3
230739,8
230757,8
230776,8
230812,8
230825,21
230878,9
230950,8
230968,8
230971,3
230985,8
230997,3
231048,3
231081,27
231132,3
231143,8
231149,6
231177,0
231210,26
231225,3
231237,23
231241,3
231251,18
231252,10
231255,24
231257,8
231263,6
231264,1
231265,3
231290,8
231295,8
231299,8
231313,20
231337,3
231340,3
231346,3
231351,26
231354,20
231357,3
231374,6
231393,6
231395,8
231430,8
231462,8
231466,3
231485,8
231494,8
231518,10
231532,8
231560,2
231603,3
231612,3
231613,8
231638,8
231639,8
231694,15
231727,3
231735,8
231742,8
231767,8
231795,3
231823,3
231827,25
231838,8
231848,0
231854,0
231857,20
231865,8
231891,8
231897,0
231993,10
232030,10
232036,8
232047,3
232048,8
232052,10
232066,3
232067,3
232080,8
232093,8
232099,8
232103,3
232106,11
232107,10
232109,8
232131,20
232171,9
232185,8
232199,8
232211,6
232222,2
232266,8
232271,8
232281,8
232292,18
232308,8
232320,10
232343,3
232368,3
232440,8
232449,3
232458,8
232461,0
232492,3
232522,8
232541,8
232579,8
232583,3
232598,8
232611,3
232624,8
232626,8
232688,8
232704,3
232708,10
232712,8
232736,3
232752,8
232756,9
232773,8
232774,8
232777,10
232801,3
232820,3
232835,8
232838,3
232853,10
232925,8
232929,14
232945,26
232959,12
232964,27
232990,19
233041,21
233061,3
233117,19
233119,27
233137,3
233143,8
233196,3
233250,8
233251,8
233256,8
233299,3
233312,15
233331,8
233361,10
233366,8
233383,8
233392,8
233397,8
233398,8
233409,8
233427,13
233430,26
233431,3
233435,8
233436,8
233444,10
233445,0
233451,12
233480,3
233481,8
233526,27
233529,8
233534,8
233539,8
233543,3
233564,2
233578,18
233638,3
233648,8
233649,18
233656,8
233693,8
233697,3
233711,12
233714,8
233719,0
233731,3
233738,8
233739,8
233740,8
233745,8
233747,3
233754,3
233777,3
233778,8
233798,8
233821,6
233845,8
233853,8
233856,21
233867,5
233889,19
233903,3
233909,8
233911,23
233917,3
233924,3
233928,3
233930,8
233955,3
233962,8
233976,3
233983,8
233995,8
233997,21
234023,10
234087,8
234106,8
234108,3
234147,3
234165,18
234205,25
234281,8
234286,8
234288,8
234289,8
234359,7
234374,8
234399,10
234401,8
234406,8
234410,8
234462,8
234465,8
234544,8
234556,8
234565,0
234597,6
234614,3
234623,14
234647,3
234657,8
234672,23
234675,18
234683,8
234685,8
234702,8
234714,8
234721,6
234734,8
234743,0
234759,8
234765,6
234788,8
234797,8
234803,8
234816,8
234828,26
234879,8
234893,10
234901,3
234921,8
234925,3
234937,3
234948,3
234953,8
234954,20
234973,8
234983,8
235011,19
235037,8
235055,8
235059,20
235099,4
235105,20
235113,8
235117,3
235123,8
235146,0
235173,25
235178,8
235206,8
235221,8
235237,8
235282,12
235303,8
235356,8
235371,8
235375,8
235384,3
235392,11
235394,8
235429,8
235442,0
235465,8
235475,8
235486,8
235494,8
235498,20
235506,10
235527,8
235543,21
235569,8
235591,8
235619,8
235671,3
235677,2
235684,0
235688,3
235705,3
235736,8
235805,8
235812,8
235842,18
235864,8
235872,8
235884,10
235888,0
235895,10
235918,8
235925,8
235929,10
235935,7
235952,0
236017,6
236025,3
236030,3
236032,8
236033,3
236038,8
236044,3
236058,21
236084,8
236097,3
236112,8
236155,8
236164,3
236172,20
236192,8
236235,10
236237,8
236247,8
236251,8
236255,3
236262,8
236267,3
236269,0
236280,0
236283,1
236322,10
236340,26
236349,8
236355,8
236399,9
236433,8
236480,3
236550,3
236574,8
236580,8
236583,8
236587,10
236593,8
236594,8
236595,3
236618,23
236621,8
236625,8
236655,8
236668,3
236700,3
236727,8
236728,3
236754,6
236757,16
236840,3
236855,8
236872,8
236885,3
236940,8
236943,7
236948,3
236949,3
236955,3
236959,6
236961,8
236979,3
236994,3
237001,8
237025,8
237047,8
237064,24
237070,8
237074,8
237091,10
237132,8
237154,8
237156,8
237170,8
237173,3
237175,8
237210,8
237242,8
237257,8
237264,24
237268,8
237271,20
237275,20
237299,8
237310,3
237313,8
237318,8
237334,8
237381,8
237397,0
237407,3
237411,10
237426,10
237429,0
237433,14
237434,19
237436,8
237451,20
237474,21
237477,8
237486,0
237518,8
237534,2
237536,8
237553,8
237558,8
237563,8
237577,8
237580,8
237607,8
237612,6
237627,8
237646,10
237715,3
237722,10
237727,8
237734,8
237748,20
237797,3
237805,20
237856,21
237866,8
237898,3
237900,8
237912,3
237914,8
237917,8
237941,20
237948,8
237962,8
237982,8
237990,24
238008,3
238010,13
238057,10
238065,19
238079,8
238120,21
238131,21
238159,8
238177,8
238179,8
238186,8
238194,8
238222,3
238231,18
238234,8
238235,3
238241,8
238246,3
238300,8
238301,8
238319,0
238339,8
238347,3
238350,0
238362,8
238419,0
238456,25
238461,8
238472,8
238475,3
238524,8
238526,3
238527,8
238538,8
238540,5
238541,2
238544,8
238545,8
238557,18
238566,8
238568,10
238607,6
238610,20
238613,7
238617,8
238624,8
238625,8
238630,14
238639,25
238644,0
238652,8
238699,1
238710,8
238731,0
238735,8
238739,0
238740,25
238757,4
238768,6
238773,8
238779,23
238781,0
238788,8
238823,8
238836,3
238849,26
238864,14
238887,8
238889,5
238890,8
238921,8
238961,17
238966,8
239004,8
239020,10
239033,8
239063,8
239067,10
239070,0
239074,15
239089,8
239106,3
239135,8
239141,8
239147,8
239161,8
239220,8
239241,8
239279,14
239295,8
239374,3
239400,8
239407,10
239413,9
239415,8
239423,27
239431,8
239449,3
239460,7
239467,8
239468,3
239481,12
239486,6
239488,8
239535,10
239546,8
239551,8
239554,24
239567,8
239569,0
239584,21
239594,28
239609,0
239623,0
239626,27
239630,8
239642,3
239670,3
239688,4
239692,20
239708,8
239718,0
239736,3
239747,8
239748,3
239761,8
239783,8
239788,8
239801,3
239808,8
239834,3
239835,8
239841,8
239842,8
239847,3
239854,8
239879,8
239946,8
240024,8
240033,3
240035,18
240051,6
240098,13
240107,10
240111,3
240113,27
240131,0
240141,3
240144,27
240155,8
240177,3
240205,3
240209,8
240219,24
240224,18
240225,10
240235,3
240236,0
240258,8
240267,21
240272,9
240280,0
240283,8
240307,8
240318,6
240330,8
240333,25
240348,10
240370,20
240375,8
240394,0
240401,14
240403,27
240440,8
240445,8
240470,8
240484,3
240490,8
240495,8
240528,27
240541,3
240543,8
240567,16
240568,0
240577,8
240601,8
240609,3
240643,6
240663,3
240677,14
240687,8
240700,27
240704,6
240710,8
240745,10
240756,3
240770,8
240789,28
240811,8
240822,8
240829,3
240883,23
240887,8
240888,8
240897,8
240906,18
240918,8
240932,10
240951,10
241011,8
241012,8
241033,3
241036,8
241042,3
241048,8
241051,8
241080,18
241086,6
241100,10
241146,3
241152,8
241191,8
241198,8
241202,8
241204,14
241214,0
241239,8
241247,8
241265,20
241268,8
241305,8
241306,2
241344,6
241357,12
241367,9
241405,8
241414,3
241432,20
241441,3
241491,8
241495,12
241503,3
241517,8
241523,8
241527,6
241531,8
241537,8
241548,0
241565,18
241569,8
241592,3
241597,3
241614,8
241628,8
241646,3
241666,26
241749,3
241791,6
241799,25
241802,1
241861,3
241874,8
241885,0
241901,8
241933,8
241949,3
241980,22
241992,8
241997,8
242006,29
242007,5
242008,8
242013,8
242018,8
242029,8
242037,0
242073,0
242083,5
242097,8
242106,27
242113,8
242118,0
242143,18
242157,8
242214,8
242233,3
242245,3
242247,0
242248,3
242249,3
242262,8
242269,3
242273,8
242291,8
242299,13
242309,21
242310,3
242317,3
242319,3
242334,8
242361,0
242364,10
242381,10
242397,2
242409,0
242414,8
242445,8
242458,20
242465,3
242485,3
242499,3
242500,3
242509,8
242515,8
242528,7
242544,8
242558,8
242618,13
242637,20
242639,6
242640,8
242642,3
242646,20
242708,8
242742,8
242752,8
242763,23
242775,3
242781,3
242788,3
242790,3
242794,3
242812,8
242815,8
242824,8
242828,8
242830,8
242831,8
242843,0
242849,3
242878,15
242891,3
242914,1
242962,3
242964,9
242999,8
243004,3
243050,21
243058,6
243065,20
243075,3
243077,0
243088,6
243141,8
243142,15
243200,8
243206,8
243210,8
243213,8
243236,15
243254,8
243276,8
243294,7
243312,0
243328,10
243360,14
243404,8
243429,3
243448,3
243471,3
243490,14
243491,20
243546,8
243548,8
243563,8
243584,3
243585,0
243607,15
243651,8
243698,8
243700,2
243720,3
243745,21
243759,0
243768,8
243785,3
243814,3
243838,8
243863,3
243876,8
243879,20
243886,8
243891,7
243899,8
243917,10
243929,7
243930,7
243942,0
243947,8
243951,3
243964,8
243966,3
243967,15
243984,0
243991,8
243996,0
244007,3
244039,10
244056,3
244070,10
244092,18
244139,8
244148,3
244171,20
244172,8
244189,20
244242,8
244277,7
244285,8
244286,25
244309,8
244314,8
244349,3
244359,25
244375,8
244385,3
244400,3
244418,8
244420,24
244421,8
244428,8
244452,3
244453,10
244455,8
244456,15
244471,3
244484,3
244485,2
244486,8
244493,8
244494,15
244517,15
244572,3
244588,8
244593,21
244602,8
244619,8
244627,13
244641,18
244657,1
244662,7
244676,10
244685,29
244688,8
244702,3
244708,0
244710,21
244727,8
244736,21
244742,0
244747,8
244761,10
244779,10
244781,10
244790,8
244804,8
244814,1
244833,8
244873,27
244874,18
244879,8
244881,8
244892,8
244915,18
244925,3
244955,8
244964,21
244993,8
244994,8
244995,8
244998,10
245007,8
245029,8
245079,3
245088,18
245102,0
245128,10
245150,2
245157,3
245182,8
245188,10
245194,3
245215,3
245224,0
245231,8
245257,8
245281,3
245287,8
245295,2
245311,24
245312,8
245328,0
245346,10
245352,8
245362,10
245371,19
245373,3
245410,22
245446,19
245499,8
245534,10
245568,21
245592,10
245604,0
245607,8
245616,18
245645,12
245649,27
245650,10
245655,15
245660,3
245698,8
245703,8
245740,8
245746,8
245750,8
245765,8
245782,3
245790,27
245814,3
245827,0
245828,8
245839,8
245851,0
245864,8
245920,8
245925,10
245963,3
245976,3
245978,8
245993,8
246000,6
246024,8
246036,8
246088,14
246156,10
246164,8
246175,0
246193,8
246196,3
246216,10
246218,8
246230,0
246246,3
246247,17
246268,3
246304,14
246311,21
246313,8
246318,8
246328,8
246333,6
246384,8
246388,12
246400,8
246411,8
246427,8
246437,8
246439,3
246447,3
246448,8
246468,8
246470,0
246478,8
246483,8
246495,8
246507,21
246512,0
246513,18
246528,18
246558,8
246586,8
246597,8
246617,6
246621,3
246634,21
246655,0
246671,8
246678,8
246711,8
246722,8
246734,8
246740,0
246757,20
246759,9
246766,3
246776,24
246782,8
246794,8
246798,25
246820,10
246823,8
246846,8
246863,8
246874,8
246907,3
246908,8
246915,8
246921,8
246933,8
246959,14
247002,8
247010,20
247030,8
247055,21
247060,0
247099,8
247108,8
247129,26
247141,18
247166,9
247176,3
247201,3
247211,14
247240,24
247241,4
247278,3
247423,1
247429,11
247444,3
247447,4
247518,3
247521,8
247537,8
247583,8
247626,3
247664,24
247720,8
247725,3
247726,8
247736,8
247747,8
247751,8
247752,26
247755,3
247790,6
247795,8
247829,14
247840,6
247848,8
247852,3
247855,21
247868,9
247870,8
247873,8
247887,8
247890,8
247897,3
247916,3
247918,6
247927,21
247958,8
247966,3
247978,8
247998,3
247999,8
248003,10
248033,3
248064,18
248079,8
248098,21
248131,3
248138,3
248168,8
248170,14
248209,8
248221,20
248250,8
248259,3
248274,8
248280,25
248289,8
248292,8
248300,8
248312,8
248325,8
248356,8
248373,3
248383,3
248397,10
248419,8
248464,25
248465,8
248468,20
248477,27
248479,10
248492,0
248496,18
248515,8
248529,8
248531,3
248539,3
248540,3
248547,8
248570,21
248572,8
248580,8
248597,3
248613,8
248615,3
248656,23
248669,8
248702,8
248704,8
248718,28
248727,21
248749,10
248752,8
248772,8
248775,6
248781,8
248805,10
248810,8
248815,8
248821,27
248850,25
248901,3
248922,8
248965,9
248967,8
249015,8
249048,0
249058,10
249064,3
249071,8
249096,8
249103,3
249109,8
249111,0
249128,8
249140,10
249146,8
249150,6
249187,10
249210,8
249220,3
249223,3
249235,8
249246,10
249256,3
249305,3
249352,10
249353,8
249361,3
249384,3
249401,3
249407,3
249412,8
249445,8
249480,3
249496,3
249528,8
249536,8
249541,8
249542,8
249557,8
249598,3
249612,3
249620,8
249628,5
249632,8
249634,3
249650,3
249658,8
249688,0
249695,13
249723,8
249732,9
249736,3
249746,8
249791,8
249826,8
249838,8
249848,10
249862,11
249894,14
249924,3
249933,8
249939,3
249953,6
249958,27
249963,8
249967,8
249989,2
249994,3
250006,15
250015,8
250016,3
250018,8
250061,8
250078,0
250080,8
250101,18
250105,8
250153,3
250163,8
250184,27
250192,8
250219,3
250223,3
250227,8
250253,8
250300,12
250301,25
250303,3
250322,8
250330,3
250333,8
250341,8
250342,0
250353,19
250359,0
250367,3
250368,9
250375,8
250383,8
250391,8
250398,3
250405,3
250406,21
250407,14
250413,8
250454,13
250456,3
250459,10
250461,3
250477,3
250494,6
250506,3
250510,24
250533,3
250543,3
250568,8
250609,2
250645,3
250674,8
250683,3
250691,8
250695,8
250705,8
250709,0
250725,3
250733,8
250739,8
250750,8
250764,0
250794,8
250832,21
250851,0
250884,3
250892,3
250899,8
250912,8
250925,14
250933,8
250935,8
250936,1
250939,6
250948,10
250962,2
250979,8
250980,8
250984,8
250987,10
250989,0
251003,3
251019,3
251036,8
251050,8
251069,8
251071,8
251085,3
251093,12
251097,3
251102,8
251122,18
251140,24
251146,3
251149,25
251150,10
251152,8
251157,8
251164,6
251170,8
251223,3
251242,26
251243,8
251263,8
251272,8
251295,8
251325,8
251327,8
251339,8
251342,8
251352,3
251362,8
251374,8
251377,27
251391,0
251394,11
251400,10
251422,20
251423,10
251442,8
251449,8
251467,3
251483,3
251495,12
251499,8
251506,8
251518,0
251519,8
251522,3
251541,10
251560,23
251572,8
251575,10
251580,14
251605,8
251606,0
251613,0
251620,2
251637,3
251641,8
251642,3
251701,8
251714,8
251721,3
251730,8
251739,6
251744,21
251754,3
251791,8
251811,10
251843,20
251844,14
251851,8
251877,8
251890,15
251975,8
252006,3
252007,8
252045,8
252049,8
252071,21
252074,8
252085,8
252111,8
252113,8
252126,8
252211,8
252222,18
252233,0
252244,8
252268,25
252278,8
252279,6
252282,8
252287,18
252292,3
252328,8
252343,3
252347,3
252351,8
252356,8
252385,3
252392,8
252409,6
252418,8
252419,8
252454,8
252491,8
252510,8
252542,8
252560,6
252598,8
252601,3
252627,0
252628,3
252637,8
252642,6
252654,3
252657,3
252662,8
252676,3
252695,4
252698,10
252719,8
252721,8
252726,8
252775,8
252783,23
252785,3
252806,10
252819,8
252820,2
252827,23
252829,5
252840,8
252843,3
252846,6
252848,18
252865,24
252900,8
252903,8
252909,10
252922,8
252948,8
252953,8
253005,20
253036,8
253080,8
253106,1
253119,8
253157,8
253198,8
253226,25
253228,8
253271,8
253277,8
253310,21
253311,3
253322,10
253331,8
253375,8
253403,8
253482,27
253486,8
253515,8
253517,8
253556,3
253563,0
253580,18
253590,8
253602,10
253626,21
253629,20
253657,3
253667,8
253668,8
253714,3
253736,3
253749,8
253759,8
253769,8
253771,23
253773,8
253780,3
253797,6
253821,21
253828,18
253829,8
253852,8
253855,20
253867,21
253871,12
253949,25
253964,21
254021,8
254022,8
254036,8
254038,3
254042,8
254043,8
254053,3
254064,3
254068,8
254073,8
254084,8
254130,8
254144,10
254153,8
254159,8
254160,0
254196,3
254201,15
254206,28
254214,3
254224,27
254235,3
254241,8
254278,3
254289,17
254299,15
254355,3
254370,8
254376,3
254377,20
254405,3
254417,6
254442,8
254443,8
254450,3
254465,24
254467,10
254481,8
254486,3
254502,8
254528,3
254539,8
254543,8
254547,3
254628,3
254665,8
254676,8
254690,8
254707,3
254716,8
254751,3
254754,3
254769,8
254777,10
254822,10
254839,8
254852,8
254859,27
254863,3
254867,8
254899,5
254971,3
254995,25
254999,8
255014,8
255019,8
255056,8
255078,6
255092,27
255099,8
255121,8
255133,8
255161,8
255218,25
255267,3
255275,3
255289,7
255305,8
255372,3
255376,3
255433,8
255489,16
255493,3
255544,8
255546,1
255550,8
255582,10
255618,9
255625,20
255648,3
255655,8
255661,3
255677,8
255719,8
255728,8
255775,8
255782,3
255786,1
255789,8
255798,8
255814,3
255837,8
255846,25
255856,8
255858,14
255874,8
255911,8
255936,8
255943,8
255974,8
255979,8
256023,10
256034,8
256072,8
256110,3
256133,3
256157,8
256167,22
256185,8
256202,8
256214,8
256224,8
256247,14
256251,8
256264,8
256270,20
256392,8
256398,8
256402,17
256407,24
256413,8
256448,8
256507,23
256545,8
256562,8
256575,3
256578,8
256603,27
256630,8
256633,3
256713,8
256729,3
256731,8
256732,3
256765,8
256789,8
256809,8
256820,8
256843,21
256844,10
256852,8
256864,8
256874,0
256882,3
256889,0
256892,8
256925,18
256927,8
256948,3
256980,8
256983,8
256991,8
257012,8
257024,26
257025,19
257028,1
257030,8
257033,8
257044,3
257053,8
257103,14
257145,6
257153,8
257161,3
257197,8
257198,28
257204,28
257212,12
257262,8
257312,25
257327,8
257362,3
257368,8
257390,8
257449,8
257450,8
257454,22
257483,18
257492,9
257493,3
257495,3
257498,8
257512,0
257528,8
257534,3
257548,0
257554,10
257591,3
257605,8
257625,10
257651,8
257655,8
257676,12
257699,3
257700,25
257703,3
257707,0
257714,8
257777,10
257784,3
257791,8
257804,15
257809,3
257810,8
257820,5
257913,8
257931,8
257938,8
257962,8
257969,8
258004,3
258011,8
258083,8
258084,25
258107,3
258109,20
258151,18
258152,11
258160,10
258185,29
258235,8
258240,18
258270,13
258275,23
258277,0
258278,8
258280,10
258291,8
258329,3
258348,8
258352,20
258370,8
258404,8
258413,8
258425,8
258459,18
258460,8
258462,8
258482,14
258520,3
258534,22
258550,3
258553,3
258556,8
258567,8
258588,10
258614,14
258622,8
258673,6
258690,3
258717,19
258747,8
258769,8
258777,3
258786,8
258795,8
258807,8
258879,3
258884,26
258907,8
258913,8
258920,8
258938,24
258952,8
258953,8
258970,8
258977,8
259004,8
259006,14
259028,8
259035,21
259057,25
259064,8
259066,13
259078,0
259114,8
259118,21
259155,3
259205,8
259208,8
259223,10
259234,8
259249,8
259258,3
259259,2
259260,7
259264,0
259265,10
259279,8
259286,8
259288,8
259305,8
259312,8
259316,8
259320,18
259367,8
259371,8
259378,21
259379,8
259380,13
259388,0
259400,3
259430,24
259479,8
259488,8
259495,8
259501,8
259542,8
259543,10
259550,8
259565,8
259620,3
259622,8
259625,8
259626,14
259628,8
259629,26
259660,3
259711,8
259734,6
259745,8
259757,8
259764,8
259768,10
259793,8
259800,8
259829,10
259898,8
259901,11
259930,6
260067,5
260093,8
260099,3
260102,8
260108,21
260183,2
260202,10
260217,8
260239,8
260316,0
260324,8
260363,22
260364,8
260388,10
260406,8
260419,6
260447,8
260453,8
260473,8
260484,8
260498,3
260502,8
260520,3
260528,8
260531,8
260573,8
260590,10
260609,8
260616,8
260647,8
260655,8
260662,3
260678,21
260699,24
260735,3
260771,8
260796,8
260840,8
260865,8
260875,8
260879,8
260897,21
260936,0
260944,26
260959,8
260961,8
260965,8
260967,3
261015,24
261037,3
261091,8
261105,2
261120,3
261137,8
261176,3
261185,3
261208,8
261214,8
261219,8
261237,8
261289,8
261291,8
261307,8
261314,3
261320,3
261327,0
261355,8
261379,8
261397,3
261402,8
261426,8
261460,18
261522,8
261528,0
261567,25
261578,3
261590,1
261601,8
261603,28
261611,25
261685,3
261723,8
261724,8
261743,8
261749,8
261768,5
261773,8
261775,8
261780,0
261825,6
261829,16
261862,0
261886,8
261888,8
261895,8
261896,8
261920,8
261941,8
261956,8
261973,8
261998,2
262014,8
262040,12
262051,8
262070,8
262102,8
262118,0
262151,21
262169,8
262186,2
262199,8
262208,8
262219,13
262248,8
262271,3
262281,0
262298,2
262310,8
262311,3
262317,3
262357,8
262391,25
262399,3
262402,8
262407,3
262426,8
262459,10
262469,21
262525,15
262541,3
262569,8
262574,3
262577,8
262587,8
262634,3
262635,8
262642,8
262660,8
262666,7
262698,8
262703,8
262719,8
262736,8
262780,8
262795,21
262849,3
262859,8
262894,3
262902,25
262912,10
262915,8
262940,10
262944,8
262974,3
262998,6
263078,1
263104,8
263107,2
263112,8
263149,8
263159,3
263163,12
263186,8
263219,21
263238,10
263272,8
263300,8
263321,3
263323,3
263325,7
263326,15
263329,8
263344,21
263353,3
263357,10
263383,0
263393,10
263413,3
263418,8
263445,3
263460,23
263480,8
263500,3
263534,8
263537,8
263560,25
263585,8
263601,8
263606,8
263637,8
263644,8
263645,21
263663,20
263691,6
263733,8
263740,8
263793,8
263805,8
263842,8
263852,8
263872,10
263877,0
263918,8
263979,3
264027,8
264029,10
264031,21
264041,8
264073,8
264082,4
264085,21
264107,8
264124,8
264149,8
264152,19
264191,8
264204,8
264248,2
264284,1
264300,3
264311,6
264317,6
264321,24
264329,8
264349,13
264355,0
264390,3
264397,3
264411,3
264416,8
264428,0
264462,8
264463,8
264464,10
264525,21
264543,7
264553,10
264555,3
264600,0
264627,21
264634,3
264637,27
264642,8
264655,3
264657,25
264688,8
264756,8
264763,3
264780,8
264828,8
264861,3
264862,3
264863,8
264873,8
264892,8
264903,8
264934,8
264938,8
264947,1
264951,8
264955,3
264985,25
264996,21
264997,8
265014,8
265031,8
265075,8
265083,25
265115,24
265146,8
265168,3
265179,8
265185,8
265194,10
265201,8
265202,3
265205,9
265221,8
265244,8
265257,8
265276,10
265281,8
265300,8
265313,5
265348,8
265383,10
265403,8
265444,8
265447,8
265474,8
265475,3
265487,0
265498,10
265500,3
265504,25
265508,8
265522,3
265533,8
265546,10
265553,10
265591,3
265595,8
265607,25
265620,18
265626,8
265656,13
265676,19
265685,8
265692,8
265720,8
265751,0
265784,3
265793,8
265827,1
265834,8
265860,8
265881,10
265889,23
265904,3
265908,8
265918,10
265925,8
265932,25
265936,8
265972,19
266007,8
266054,8
266056,17
266092,8
266109,18
266126,8
266143,3
266164,3
266176,8
266180,8
266226,19
266229,6
266268,26
266283,7
266295,8
266299,8
266312,8
266323,8
266328,8
266331,0
266355,6
266371,8
266410,8
266419,0
266429,8
266457,3
266466,10
266478,3
266510,8
266512,8
266515,8
266522,3
266566,10
266580,8
266588,6
266595,8
266608,8
266614,8
266641,8
266642,8
266650,15
266657,8
266658,8
266667,8
266678,10
266697,14
266719,8
266729,8
266741,8
266750,8
266753,14
266764,14
266775,6
266796,8
266807,3
266808,3
266819,10
266827,8
266840,2
266842,3
266854,3
266858,8
266862,8
266865,21
266866,6
266867,8
266872,10
266892,8
266940,8
266946,8
267033,19
267061,0
267112,8
267120,8
267162,8
267172,8
267180,3
267184,6
267210,8
267249,24
267251,14
267256,3
267259,3
267272,10
267282,3
267326,18
267328,1
267334,3
267346,8
267354,0
267356,2
267372,8
267409,3
267418,8
267444,3
267453,8
267480,8
267497,8
267502,24
267510,21
267511,8
267529,3
267538,0
267540,3
267545,8
267568,8
267587,8
267596,10
267621,15
267635,18
267642,18
267644,3
267645,6
267648,0
267680,3
267738,8
267759,3
267778,8
267788,0
267789,8
267802,19
267811,8
267830,5
267895,8
267897,3
267898,8
267981,8
267984,18
268013,8
268022,8
268025,0
268026,8
268030,20
268032,21
268035,3
268056,8
268074,8
268100,3
268103,8
268110,21
268134,8
268156,3
268171,8
268179,8
268191,8
268231,8
268239,7
268262,27
268282,3
268292,3
268300,11
268315,8
268330,8
268392,8
268405,8
268416,8
268434,0
268451,10
268482,8
268492,3
268521,8
268540,1
268544,15
268579,8
268584,3
268589,8
268593,8
268603,8
268613,8
268618,10
268622,20
268639,3
268657,20
268665,3
268691,10
268692,15
268704,3
268711,8
268723,8
268734,3
268746,8
268751,3
268761,3
268786,10
268833,6
268882,1
268932,10
268939,8
268945,8
268984,8
268988,8
269009,8
269011,8
269031,8
269060,8
269076,8
269105,10
269114,12
269140,3
269157,3
269198,8
269244,3
269250,8
269273,18
269308,27
269313,9
269314,8
269321,29
269340,25
269344,0
269349,10
269352,6
269353,8
269373,8
269378,8
269386,20
269391,3
269397,8
269404,8
269410,3
269438,8
269439,0
269478,8
269502,8
269510,8
269527,8
269550,3
269554,8
269557,3
269566,27
269599,8
269625,3
269633,8
269648,8
269677,8
269688,8
269692,10
269701,8
269702,25
269714,8
269719,0
269727,8
269728,3
269738,3
269749,8
269759,15
269760,8
269781,8
269787,8
269795,8
269799,20
269808,7
269835,1
269841,3
269847,8
269852,3
269867,8
269890,4
269905,8
269916,8
269938,8
269940,8
269945,3
269986,8
269988,8
269993,3
270006,8
270026,3
270032,3
270051,3
270069,0
270070,0
270087,8
270089,8
270091,8
270121,8
270156,20
270182,8
270195,3
270211,0
270226,9
270234,21
270242,8
270256,8
270264,8
270265,8
270326,5
270329,8
270339,3
270350,8
270352,10
270360,8
270370,8
270401,8
270537,8
270552,8
270554,16
270605,7
270629,8
270638,8
270660,8
270666,3
270692,8
270708,8
270713,16
270714,8
270715,3
270723,8
270728,23
270731,8
270737,10
270754,3
270761,8
270765,8
270776,3
270780,3
270801,14
270820,27
270828,6
270829,3
270838,10
270863,10
270864,8
270897,2
270906,10
270907,3
270917,8
270935,8
270989,8
271000,10
271004,8
271016,14
271020,8
271038,12
271066,3
271083,3
271086,13
271110,8
271135,10
271142,8
271144,10
271156,23
271173,10
271176,11
271195,12
271225,8
271233,8
271245,8
271261,8
271284,3
271306,5
271354,8
271364,10
271374,8
271375,6
271398,3
271410,3
271448,16
271460,18
271466,6
271476,8
271491,8
271503,10
271511,8
271516,8
271527,8
271531,1
271538,2
271542,15
271557,3
271558,13
271583,3
271586,8
271587,8
271588,3
271593,8
271615,8
271622,6
271659,2
271674,8
271678,8
271681,8
271705,27
271711,8
271720,3
271724,3
271746,21
271752,10
271758,3
271792,3
271800,6
271833,3
271844,8
271935,8
271959,8
271988,8
271992,8
272002,0
272040,8
272052,8
272073,8
272077,8
272084,8
272120,3
272202,6
272225,20
272233,1
272273,8
272318,8
272373,3
272394,8
272395,3
272402,8
272407,20
272411,8
272412,8
272423,3
272434,8
272445,14
272462,8
272482,8
272516,2
272569,8
272573,21
272626,2
272640,8
272647,8
272660,8
272671,3
272705,20
272706,6
272708,24
272715,21
272786,5
272810,27
272838,3
272874,8
272887,8
272890,3
272897,8
272902,8
272961,0
272972,8
272975,10
272980,8
272982,0
272988,8
272989,3
273030,9
273038,3
273063,3
273071,0
273075,8
273086,25
273089,27
273110,18
273113,4
273133,8
273140,3
273167,3
273190,12
273197,3
273217,8
273252,8
273254,8
273280,8
273307,10
273318,13
273336,3
273342,3
273344,3
273347,8
273374,8
273376,8
273380,3
273420,3
273439,8
273440,10
273465,8
273470,8
273507,25
273535,3
273587,8
273635,10
273707,8
273709,8
273718,21
273770,8
273805,3
273813,24
273849,8
273857,8
273869,10
273905,3
273906,8
273914,8
273932,8
273976,6
273978,3
273979,24
273993,8
274004,14
274005,8
274056,19
274061,28
274064,8
274111,8
274117,8
274120,8
274135,8
274144,3
274199,10
274220,8
274227,8
274277,8
274293,8
274301,26
274308,20
274325,21
274338,8
274339,8
274363,3
274368,8
274380,19
274383,8
274393,20
274414,8
274418,10
274423,3
274456,8
274466,15
274549,18
274605,8
274609,8
274612,8
274618,15
274634,17
274637,3
274644,0
274645,8
274656,1
274680,8
274692,3
274701,8
274719,8
274739,8
274772,8
274773,8
274778,8
274779,8
274803,8
274808,0
274812,8
274823,18
274837,8
274878,8
274881,0
274925,8
274951,8
274979,3
274983,6
274988,8
275006,8
275020,2
275038,8
275071,8
275074,10
275075,1
275111,3
275154,20
275167,8
275175,10
275179,23
275210,23
275220,3
275228,8
275239,8
275264,3
275274,8
275276,3
275281,3
275302,8
275305,8
275306,25
275317,8
275318,3
275321,3
275322,8
275357,15
275358,3
275374,3
275377,3
275383,0
275401,27
275439,18
275466,8
275476,3
275481,3
275520,6
275531,8
275573,8
275610,3
275611,0
275631,8
275636,8
275638,14
275650,8
275659,8
275673,2
275677,6
275732,8
275737,8
275744,8
275758,8
275761,3
275793,3
275806,8
275807,8
275815,6
275825,8
275909,8
275922,12
275923,8
275933,21
275936,8
275970,6
275994,18
276017,13
276018,8
276038,0
276050,11
276071,13
276077,0
276094,8
276118,8
276147,8
276165,27
276167,6
276181,8
276184,8
276213,3
276231,15
276275,8
276291,3
276307,10
276313,18
276328,10
276369,3
276401,3
276402,8
276412,8
276463,11
276487,8
276498,8
276521,3
276538,8
276560,8
276563,3
276579,8
276581,8
276602,8
276641,10
276664,8
276670,21
276680,20
276681,14
276688,3
276690,8
276704,3
276746,8
276747,8
276762,8
276798,8
276800,8
276822,3
276828,8
276847,8
276848,8
276856,8
276859,3
276861,8
276866,8
276875,8
276904,8
276925,20
276928,8
276929,8
276936,8
276939,8
276954,8
276964,18
276984,8
276988,3
276994,8
277042,18
277051,8
277087,8
277107,8
277143,6
277157,3
277168,8
277170,8
277171,3
277187,8
277195,0
277196,8
277197,8
277203,3
277244,8
277272,8
277378,9
277427,20
277439,21
277466,3
277478,3
277509,8
277523,18
277527,8
277554,8
277562,8
277563,8
277589,8
277623,23
277629,18
277639,18
277662,8
277681,8
277710,3
277711,8
277744,3
277879,8
277882,8
277901,14
277915,8
277922,3
277923,10
277928,3
277929,8
277937,10
277938,0
277945,3
277954,8
277959,25
277962,8
277965,12
277982,8
277984,3
278002,8
278007,24
278019,8
278026,18
278044,8
278064,8
278100,8
278137,19
278144,8
278188,10
278194,10
278202,3
278218,8
278221,19
278255,8
278257,3
278314,8
278342,10
278346,3
278356,5
278390,0
278418,3
278449,8
278506,8
278522,3
278524,8
278535,18
278536,8
278545,3
278552,0
278554,0
278563,8
278582,23
278586,3
278633,21
278637,8
278663,3
278694,3
278723,3
278771,8
278838,8
278843,27
278851,3
278854,3
